,Customer_ID,Customer_Location
0,CUST_013738,TN
1,CUST_011726,TN
2,CUST_010891,IN
3,CUST_011452,MA
4,CUST_010886,AZ
5,CUST_010410,MI
6,CUST_011600,MI
7,CUST_012368,IN
8,CUST_014778,TX
9,CUST_010262,LA
10,CUST_011456,LA
11,CUST_011615,KY
12,CUST_014005,OK
13,CUST_013862,MD
14,CUST_014608,MN
15,CUST_013835,TX
16,CUST_010934,CO
17,CUST_013629,GA
18,CUST_011705,IN
19,CUST_010104,KY
20,CUST_014197,SC
21,CUST_011361,AZ
22,CUST_013358,IN
23,CUST_011079,GA
24,CUST_014710,NY
25,CUST_013508,AZ
26,CUST_012294,CO
27,CUST_013331,MO
28,CUST_013066,TN
29,CUST_010750,NC
30,CUST_013418,KY
31,CUST_011609,MN
32,CUST_010373,MI
33,CUST_014336,CO
34,CUST_014113,CO
35,CUST_010841,MO
36,CUST_011369,OK
37,CUST_012577,NY
38,CUST_012033,LA
39,CUST_012473,NJ
40,CUST_013908,OR
41,CUST_014512,IL
42,CUST_012002,IL
43,CUST_012496,OK
44,CUST_012379,NC
45,CUST_011599,MI
46,CUST_010047,NJ
47,CUST_013993,TN
48,CUST_013243,NC
49,CUST_011939,OH
50,CUST_011895,CT
51,CUST_013978,CO
52,CUST_014027,CT
53,CUST_014258,KY
54,CUST_013592,TN
55,CUST_014595,IL
56,CUST_011468,VA
57,CUST_013556,IN
58,CUST_012004,OH
59,CUST_011754,OH
60,CUST_013022,PA
61,CUST_010595,FL
62,CUST_014982,NJ
63,CUST_012123,PA
64,CUST_011498,NJ
65,CUST_013239,OR
66,CUST_011002,NJ
67,CUST_013935,OR
68,CUST_012504,AZ
69,CUST_011916,WA
70,CUST_010307,UT
71,CUST_014595,PA
72,CUST_011362,LA
73,CUST_014554,AL
74,CUST_010392,AL
75,CUST_014038,AL
76,CUST_011388,FL
77,CUST_013191,CO
78,CUST_010410,WA
79,CUST_011740,NC
80,CUST_014218,MA
81,CUST_011360,TX
82,CUST_012851,WA
83,CUST_013057,TX
84,CUST_013201,CA
85,CUST_010997,WA
86,CUST_013648,GA
87,CUST_011125,CA
88,CUST_010069,NY
89,CUST_013654,MD
90,CUST_014981,NJ
91,CUST_014613,MA
92,CUST_013891,SC
93,CUST_013370,MI
94,CUST_013759,LA
95,CUST_011217,WA
96,CUST_014019,CO
97,CUST_012326,OK
98,CUST_010902,LA
99,CUST_010581,CT
100,CUST_014097,OR
101,CUST_010616,TN
102,CUST_011526,LA
103,CUST_014503,WA
104,CUST_011641,CO
105,CUST_012105,UT
106,CUST_012593,NJ
107,CUST_012287,NJ
108,CUST_014660,IL
109,CUST_011938,TX
110,CUST_014726,CT
111,CUST_010798,KY
112,CUST_013762,MO
113,CUST_010612,NY
114,CUST_011201,PA
115,CUST_013720,LA
116,CUST_010852,MA
117,CUST_010938,OH
118,CUST_010959,CA
119,CUST_012577,OR
120,CUST_012180,UT
121,CUST_013765,CA
122,CUST_011196,AZ
123,CUST_014608,CT
124,CUST_012535,CA
125,CUST_010890,AZ
126,CUST_014479,NJ
127,CUST_010917,CO
128,CUST_010969,PA
129,CUST_012640,AL
130,CUST_011022,TN
131,CUST_013672,SC
132,CUST_013089,MO
133,CUST_014478,MA
134,CUST_011124,IL
135,CUST_010502,OR
136,CUST_013495,CT
137,CUST_011203,TN
138,CUST_012725,KY
139,CUST_012336,MI
140,CUST_014707,WA
141,CUST_014328,FL
142,CUST_011915,GA
143,CUST_013931,IL
144,CUST_013305,AL
145,CUST_013665,CT
146,CUST_013403,PA
147,CUST_013868,VA
148,CUST_013863,MI
149,CUST_012416,IL
150,CUST_013523,MO
151,CUST_014892,PA
152,CUST_014810,LA
153,CUST_011866,MO
154,CUST_012770,GA
155,CUST_012525,AL
156,CUST_011611,NY
157,CUST_011526,MD
158,CUST_011037,SC
159,CUST_014128,PA
160,CUST_012644,PA
161,CUST_013382,MN
162,CUST_012419,MD
163,CUST_010986,NJ
164,CUST_010516,AZ
165,CUST_011729,NY
166,CUST_012525,MD
167,CUST_011854,IN
168,CUST_013349,MD
169,CUST_010978,MN
170,CUST_014809,NJ
171,CUST_010022,LA
172,CUST_010416,MN
173,CUST_013684,AL
174,CUST_012560,OH
175,CUST_011243,GA
176,CUST_010943,KY
177,CUST_012470,NC
178,CUST_010969,OH
179,CUST_011565,OH
180,CUST_014611,SC
181,CUST_011231,OK
182,CUST_014264,GA
183,CUST_014828,MD
184,CUST_010298,PA
185,CUST_012826,UT
186,CUST_010913,PA
187,CUST_012929,CT
188,CUST_012693,VA
189,CUST_012052,MD
190,CUST_013517,PA
191,CUST_014956,MN
192,CUST_011280,VA
193,CUST_014561,IL
194,CUST_013829,MN
195,CUST_014844,NJ
196,CUST_011097,WA
197,CUST_011710,LA
198,CUST_013684,WI
199,CUST_011873,MN
200,CUST_011442,AL
201,CUST_014507,KY
202,CUST_011257,NY
203,CUST_014805,GA
204,CUST_014579,MI
205,CUST_012749,NY
206,CUST_013233,MA
207,CUST_014937,KY
208,CUST_011384,KY
209,CUST_014373,KY
210,CUST_011924,CT
211,CUST_012756,OH
212,CUST_011649,UT
213,CUST_013028,AL
214,CUST_011398,UT
215,CUST_010968,FL
216,CUST_012767,SC
217,CUST_014065,NJ
218,CUST_013628,OR
219,CUST_014575,PA
220,CUST_011103,FL
221,CUST_013172,NJ
222,CUST_010261,WI
223,CUST_011019,GA
224,CUST_010333,MN
225,CUST_014378,OH
226,CUST_013518,MO
227,CUST_011902,KY
228,CUST_010531,GA
229,CUST_013422,OH
230,CUST_010199,AL
231,CUST_014688,TN
232,CUST_010925,UT
233,CUST_014419,FL
234,CUST_011464,NY
235,CUST_014026,NC
236,CUST_011593,NJ
237,CUST_014774,LA
238,CUST_013397,VA
239,CUST_013304,IL
240,CUST_014649,KY
241,CUST_011112,MI
242,CUST_012008,MI
243,CUST_011371,MI
244,CUST_010498,KY
245,CUST_011859,MI
246,CUST_014821,VA
247,CUST_011218,CO
248,CUST_013101,WI
249,CUST_013235,MN
250,CUST_013938,WA
251,CUST_010002,PA
252,CUST_013845,SC
253,CUST_011348,WI
254,CUST_014470,AZ
255,CUST_011163,LA
256,CUST_010714,WI
257,CUST_014224,CA
258,CUST_011604,GA
259,CUST_013822,MO
260,CUST_010724,OH
261,CUST_010799,MO
262,CUST_014314,WI
263,CUST_014283,UT
264,CUST_012205,MI
265,CUST_013250,UT
266,CUST_012694,FL
267,CUST_010008,SC
268,CUST_010372,GA
269,CUST_014018,GA
270,CUST_012175,AL
271,CUST_011324,CT
272,CUST_011005,AZ
273,CUST_013724,OH
274,CUST_013288,WI
275,CUST_011128,PA
276,CUST_014914,MN
277,CUST_012123,LA
278,CUST_014931,FL
279,CUST_014585,PA
280,CUST_010022,PA
281,CUST_010113,KY
282,CUST_013226,MD
283,CUST_014543,SC
284,CUST_011850,UT
285,CUST_011768,CO
286,CUST_013679,MD
287,CUST_013530,OH
288,CUST_013758,WI
289,CUST_011269,LA
290,CUST_013264,CO
291,CUST_011432,AL
292,CUST_011998,KY
293,CUST_010717,TX
294,CUST_013307,NJ
295,CUST_014097,NJ
296,CUST_010762,CO
297,CUST_013626,NC
298,CUST_010447,MO
299,CUST_013904,MO
300,CUST_011498,MA
301,CUST_011174,IN
302,CUST_011045,OK
303,CUST_014637,VA
304,CUST_014618,CO
305,CUST_014784,AZ
306,CUST_013533,MN
307,CUST_010008,IN
308,CUST_010074,WI
309,CUST_012526,LA
310,CUST_013642,AL
311,CUST_014965,MI
312,CUST_012445,IN
313,CUST_012699,AL
314,CUST_012189,NY
315,CUST_013526,OR
316,CUST_012958,NC
317,CUST_011259,SC
318,CUST_010332,OK
319,CUST_013922,OK
320,CUST_014316,OH
321,CUST_010695,IN
322,CUST_012315,OK
323,CUST_010906,IN
324,CUST_011128,AZ
325,CUST_014627,NJ
326,CUST_011976,IL
327,CUST_011461,KY
328,CUST_014494,SC
329,CUST_011201,TX
330,CUST_014654,TX
331,CUST_010599,TX
332,CUST_011835,CO
333,CUST_012373,AL
334,CUST_010798,IN
335,CUST_012649,CA
336,CUST_013721,AZ
337,CUST_013264,MI
338,CUST_013004,NC
339,CUST_014652,TX
340,CUST_011840,NJ
341,CUST_014302,SC
342,CUST_010039,GA
343,CUST_012570,MI
344,CUST_014081,IL
345,CUST_014361,OR
346,CUST_013456,OR
347,CUST_012917,UT
348,CUST_010539,MN
349,CUST_013563,OK
350,CUST_012349,GA
351,CUST_011701,VA
352,CUST_010542,OR
353,CUST_011886,MA
354,CUST_013167,GA
355,CUST_014194,NY
356,CUST_010399,OR
357,CUST_011489,MA
358,CUST_010006,MI
359,CUST_013223,CO
360,CUST_013828,IL
361,CUST_013377,CT
362,CUST_011561,WI
363,CUST_014324,IN
364,CUST_014113,GA
365,CUST_011016,PA
366,CUST_010951,MI
367,CUST_012205,MD
368,CUST_014056,CA
369,CUST_012798,KY
370,CUST_011356,SC
371,CUST_014751,NC
372,CUST_010199,TX
373,CUST_012915,AZ
374,CUST_013088,TN
375,CUST_012223,MN
376,CUST_012548,AL
377,CUST_011108,GA
378,CUST_011349,AL
379,CUST_014497,VA
380,CUST_010273,IN
381,CUST_011012,VA
382,CUST_014755,IL
383,CUST_014524,WI
384,CUST_012977,LA
385,CUST_010373,PA
386,CUST_012271,TN
387,CUST_011508,LA
388,CUST_011240,OR
389,CUST_010546,CO
390,CUST_010874,NC
391,CUST_011795,TX
392,CUST_014910,OH
393,CUST_011392,NJ
394,CUST_014105,VA
395,CUST_014696,AZ
396,CUST_011197,TN
397,CUST_014882,PA
398,CUST_014191,SC
399,CUST_011097,TN
400,CUST_013392,MN
401,CUST_012253,KY
402,CUST_013187,SC
403,CUST_012570,UT
404,CUST_010628,TX
405,CUST_011480,UT
406,CUST_011784,AL
407,CUST_010783,CO
408,CUST_014610,GA
409,CUST_011645,UT
410,CUST_014402,OR
411,CUST_013958,OK
412,CUST_012651,UT
413,CUST_011274,TN
414,CUST_013086,AL
415,CUST_014912,NY
416,CUST_013372,OK
417,CUST_013108,MI
418,CUST_010903,OR
419,CUST_012820,LA
420,CUST_014052,MA
421,CUST_013351,NJ
422,CUST_012715,IN
423,CUST_011300,MI
424,CUST_010320,VA
425,CUST_011045,CO
426,CUST_011236,SC
427,CUST_010528,OK
428,CUST_010018,MO
429,CUST_010920,MO
430,CUST_011807,OR
431,CUST_011105,OH
432,CUST_010134,AZ
433,CUST_013745,CA
434,CUST_013164,TN
435,CUST_012181,NJ
436,CUST_010708,IN
437,CUST_012442,CT
438,CUST_014842,KY
439,CUST_013132,IL
440,CUST_012329,WI
441,CUST_011212,AL
442,CUST_012813,KY
443,CUST_012595,LA
444,CUST_011383,WI
445,CUST_013986,WI
446,CUST_014921,SC
447,CUST_013967,MD
448,CUST_013419,LA
449,CUST_010178,TN
450,CUST_012290,MD
451,CUST_010355,NY
452,CUST_011804,VA
453,CUST_012742,WA
454,CUST_013538,TX
455,CUST_010899,SC
456,CUST_011770,PA
457,CUST_012180,NC
458,CUST_013460,MN
459,CUST_013915,NY
460,CUST_013920,AL
461,CUST_013425,FL
462,CUST_014003,AL
463,CUST_010360,WI
464,CUST_014260,MA
465,CUST_011517,CA
466,CUST_012377,SC
467,CUST_011896,IN
468,CUST_013308,NY
469,CUST_013918,OH
470,CUST_013055,NC
471,CUST_011171,CO
472,CUST_011501,CT
473,CUST_012278,CA
474,CUST_014483,MI
475,CUST_010099,GA
476,CUST_012815,IN
477,CUST_013609,MO
478,CUST_010134,MI
479,CUST_010502,MN
480,CUST_014684,OK
481,CUST_011119,KY
482,CUST_013018,SC
483,CUST_010731,TN
484,CUST_010059,FL
485,CUST_011747,PA
486,CUST_010455,WA
487,CUST_010123,PA
488,CUST_014866,PA
489,CUST_012928,NJ
490,CUST_013624,FL
491,CUST_012193,NJ
492,CUST_010959,PA
493,CUST_013408,NJ
494,CUST_014984,UT
495,CUST_010382,OH
496,CUST_010972,NJ
497,CUST_011428,WA
498,CUST_013859,NC
499,CUST_014383,SC
500,CUST_014577,NY
501,CUST_010241,MA
502,CUST_012100,NJ
503,CUST_010324,TN
504,CUST_011902,OR
505,CUST_013634,FL
506,CUST_013089,WA
507,CUST_014157,TX
508,CUST_010371,CO
509,CUST_011808,CT
510,CUST_014727,IL
511,CUST_014972,TN
512,CUST_011991,MD
513,CUST_010278,OR
514,CUST_013231,MN
515,CUST_012981,CA
516,CUST_012555,MI
517,CUST_010393,NJ
518,CUST_010380,MI
519,CUST_014794,MO
520,CUST_012802,VA
521,CUST_010550,MO
522,CUST_011670,TX
523,CUST_013657,VA
524,CUST_012581,CA
525,CUST_014279,WI
526,CUST_011269,CA
527,CUST_014514,AZ
528,CUST_013773,MI
529,CUST_011417,MN
530,CUST_012928,UT
531,CUST_013377,SC
532,CUST_013263,MD
533,CUST_013262,OH
534,CUST_012036,WI
535,CUST_010008,NY
536,CUST_011270,MO
537,CUST_010643,MD
538,CUST_010895,FL
539,CUST_014648,FL
540,CUST_014663,NY
541,CUST_013453,MA
542,CUST_013662,CO
543,CUST_013101,OK
544,CUST_014371,OR
545,CUST_010850,VA
546,CUST_013616,VA
547,CUST_011822,UT
548,CUST_014681,VA
549,CUST_013058,CA
550,CUST_014406,GA
551,CUST_013583,PA
552,CUST_012786,IL
553,CUST_013587,WI
554,CUST_010406,CA
555,CUST_012451,UT
556,CUST_014800,KY
557,CUST_012731,VA
558,CUST_012029,UT
559,CUST_012635,CT
560,CUST_013702,IN
561,CUST_014775,UT
562,CUST_010559,MA
563,CUST_013651,MN
564,CUST_012211,CA
565,CUST_010825,MO
566,CUST_014533,CT
567,CUST_011404,NJ
568,CUST_011905,OH
569,CUST_014471,LA
570,CUST_010918,CO
571,CUST_013621,MD
572,CUST_010185,FL
573,CUST_010223,MA
574,CUST_013456,IL
575,CUST_013452,OR
576,CUST_013797,MA
577,CUST_011101,GA
578,CUST_013992,CO
579,CUST_011619,UT
580,CUST_012809,TN
581,CUST_013640,MD
582,CUST_012212,SC
583,CUST_013177,MD
584,CUST_010793,LA
585,CUST_013253,MO
586,CUST_012499,IL
587,CUST_011278,WI
588,CUST_012784,WI
589,CUST_013754,NJ
590,CUST_011496,CA
591,CUST_011305,LA
592,CUST_011564,AZ
593,CUST_014334,UT
594,CUST_010813,WI
595,CUST_011321,NY
596,CUST_010549,NJ
597,CUST_011942,NJ
598,CUST_012119,AZ
599,CUST_014567,TN
600,CUST_013079,NC
601,CUST_010956,KY
602,CUST_011470,MI
603,CUST_013738,KY
604,CUST_010866,MN
605,CUST_012665,WA
606,CUST_013139,VA
607,CUST_011541,IL
608,CUST_013525,GA
609,CUST_010563,MD
610,CUST_014067,KY
611,CUST_014339,MI
612,CUST_013577,MO
613,CUST_014916,MI
614,CUST_012562,GA
615,CUST_011911,LA
616,CUST_014031,LA
617,CUST_010240,VA
618,CUST_011970,UT
619,CUST_010939,LA
620,CUST_012171,VA
621,CUST_011639,CA
622,CUST_013809,TX
623,CUST_010550,AL
624,CUST_010252,AZ
625,CUST_014029,NJ
626,CUST_011515,LA
627,CUST_011636,MI
628,CUST_011429,NJ
629,CUST_010135,IL
630,CUST_011825,TN
631,CUST_013659,OH
632,CUST_012461,OH
633,CUST_012227,OH
634,CUST_011926,AZ
635,CUST_011628,CT
636,CUST_011670,CO
637,CUST_013925,OR
638,CUST_012245,VA
639,CUST_013572,WA
640,CUST_010294,WA
641,CUST_010121,TN
642,CUST_014541,CA
643,CUST_011480,OH
644,CUST_010974,CO
645,CUST_010744,NY
646,CUST_014709,MI
647,CUST_013384,VA
648,CUST_014383,TN
649,CUST_011201,TN
650,CUST_012057,CA
651,CUST_013593,FL
652,CUST_014737,MD
653,CUST_014636,CT
654,CUST_010648,SC
655,CUST_010844,CA
656,CUST_013481,IN
657,CUST_011021,MA
658,CUST_010686,TN
659,CUST_010950,IL
660,CUST_014218,MI
661,CUST_010905,OR
662,CUST_014789,LA
663,CUST_011155,AZ
664,CUST_011012,NY
665,CUST_010914,LA
666,CUST_013837,SC
667,CUST_010935,VA
668,CUST_012783,MO
669,CUST_010440,LA
670,CUST_014720,LA
671,CUST_013818,OH
672,CUST_011893,CO
673,CUST_014843,NJ
674,CUST_014067,TX
675,CUST_012611,PA
676,CUST_011758,FL
677,CUST_012536,NC
678,CUST_011787,TX
679,CUST_012787,FL
680,CUST_012230,VA
681,CUST_011744,NJ
682,CUST_010711,WA
683,CUST_011144,GA
684,CUST_014480,MO
685,CUST_014774,OK
686,CUST_012209,CA
687,CUST_014973,AL
688,CUST_012720,MA
689,CUST_012885,NC
690,CUST_011873,OK
691,CUST_013202,TN
692,CUST_011240,TX
693,CUST_012604,MA
694,CUST_010952,WI
695,CUST_013304,OH
696,CUST_011012,CA
697,CUST_011990,NY
698,CUST_014093,MD
699,CUST_013483,TX
700,CUST_014618,LA
701,CUST_014022,TN
702,CUST_012655,NC
703,CUST_012090,IN
704,CUST_014691,FL
705,CUST_013370,NY
706,CUST_010747,SC
707,CUST_011176,CA
708,CUST_012178,OR
709,CUST_012520,TX
710,CUST_013499,IN
711,CUST_011440,MD
712,CUST_011306,MD
713,CUST_011052,CT
714,CUST_011330,UT
715,CUST_013102,CT
716,CUST_011939,AZ
717,CUST_011652,MD
718,CUST_014779,CO
719,CUST_014133,MA
720,CUST_010414,WA
721,CUST_014837,MA
722,CUST_013404,IN
723,CUST_014239,AL
724,CUST_013402,MA
725,CUST_010077,FL
726,CUST_014016,OR
727,CUST_013929,CA
728,CUST_011077,NJ
729,CUST_014394,MO
730,CUST_010033,VA
731,CUST_013387,PA
732,CUST_013196,FL
733,CUST_010046,SC
734,CUST_011278,MN
735,CUST_011469,OH
736,CUST_012470,KY
737,CUST_012659,MI
738,CUST_013777,CT
739,CUST_012915,OK
740,CUST_014029,MI
741,CUST_014700,GA
742,CUST_014929,NY
743,CUST_013725,GA
744,CUST_013044,WI
745,CUST_012549,UT
746,CUST_010817,OH
747,CUST_013288,OH
748,CUST_012780,MA
749,CUST_011586,MI
750,CUST_013809,UT
751,CUST_014687,MO
752,CUST_012212,LA
753,CUST_010729,PA
754,CUST_010468,MI
755,CUST_013890,MI
756,CUST_010767,AL
757,CUST_013153,PA
758,CUST_010386,MN
759,CUST_014118,TX
760,CUST_014140,IN
761,CUST_012249,CO
762,CUST_011514,MA
763,CUST_011249,CO
764,CUST_010404,WI
765,CUST_011161,MN
766,CUST_011626,WA
767,CUST_010353,NJ
768,CUST_013400,CA
769,CUST_012424,MI
770,CUST_014750,MN
771,CUST_012873,MO
772,CUST_013433,NY
773,CUST_011895,TX
774,CUST_013521,KY
775,CUST_014371,CO
776,CUST_012266,SC
777,CUST_010734,VA
778,CUST_013020,AL
779,CUST_013112,IN
780,CUST_013058,MO
781,CUST_010158,AZ
782,CUST_014185,MO
783,CUST_011367,OK
784,CUST_011489,NC
785,CUST_011794,MN
786,CUST_011757,MN
787,CUST_013438,MD
788,CUST_012316,OH
789,CUST_010411,FL
790,CUST_010051,AL
791,CUST_012752,IL
792,CUST_013718,MD
793,CUST_013637,LA
794,CUST_014310,LA
795,CUST_014198,MN
796,CUST_012044,TX
797,CUST_013109,CO
798,CUST_013257,IL
799,CUST_011799,GA
800,CUST_014996,NJ
801,CUST_010012,NC
802,CUST_010073,CT
803,CUST_010380,AZ
804,CUST_014060,MN
805,CUST_012649,OK
806,CUST_010704,NJ
807,CUST_014280,WI
808,CUST_013735,NJ
809,CUST_013656,GA
810,CUST_012445,MI
811,CUST_013714,NJ
812,CUST_013481,VA
813,CUST_013551,MI
814,CUST_014514,OR
815,CUST_011534,MA
816,CUST_010179,TN
817,CUST_013670,GA
818,CUST_014100,LA
819,CUST_011139,CO
820,CUST_012576,SC
821,CUST_012873,SC
822,CUST_014743,TX
823,CUST_013717,UT
824,CUST_011357,GA
825,CUST_013026,VA
826,CUST_012178,KY
827,CUST_013236,CT
828,CUST_011521,UT
829,CUST_014055,WA
830,CUST_014986,MA
831,CUST_014884,MN
832,CUST_011439,CA
833,CUST_011263,UT
834,CUST_011317,AL
835,CUST_011127,IL
836,CUST_013500,TN
837,CUST_014404,MN
838,CUST_014099,UT
839,CUST_011718,AL
840,CUST_014931,OR
841,CUST_011208,OH
842,CUST_012085,CA
843,CUST_010912,GA
844,CUST_013081,CT
845,CUST_012864,MD
846,CUST_014336,MO
847,CUST_012467,TX
848,CUST_014529,LA
849,CUST_013950,MN
850,CUST_010996,GA
851,CUST_011146,PA
852,CUST_010385,MO
853,CUST_012717,UT
854,CUST_014115,CT
855,CUST_013312,SC
856,CUST_011555,CO
857,CUST_011448,VA
858,CUST_014613,NC
859,CUST_013602,AL
860,CUST_014824,IN
861,CUST_011213,MI
862,CUST_012904,MD
863,CUST_013771,CO
864,CUST_011344,FL
865,CUST_014454,MI
866,CUST_010454,IL
867,CUST_010070,GA
868,CUST_014364,CO
869,CUST_013691,MD
870,CUST_011673,OR
871,CUST_014682,UT
872,CUST_014364,MO
873,CUST_011579,MN
874,CUST_014707,OH
875,CUST_011065,CT
876,CUST_012295,FL
877,CUST_014451,NY
878,CUST_014094,VA
879,CUST_013195,FL
880,CUST_012199,OH
881,CUST_010107,TX
882,CUST_010699,MA
883,CUST_013829,WA
884,CUST_013341,NJ
885,CUST_010240,MI
886,CUST_011234,OH
887,CUST_012926,MI
888,CUST_014819,UT
889,CUST_010974,NJ
890,CUST_011158,MO
891,CUST_013750,OH
892,CUST_012701,AL
893,CUST_014663,KY
894,CUST_010857,AL
895,CUST_010604,OR
896,CUST_014520,WA
897,CUST_012899,AL
898,CUST_011651,KY
899,CUST_010340,CT
900,CUST_013053,MO
901,CUST_014647,TX
902,CUST_013297,TX
903,CUST_014954,KY
904,CUST_011144,FL
905,CUST_013243,NJ
906,CUST_011450,MA
907,CUST_013829,UT
908,CUST_013186,VA
909,CUST_010212,NJ
910,CUST_012039,GA
911,CUST_013715,TX
912,CUST_010007,PA
913,CUST_013421,MA
914,CUST_010838,MO
915,CUST_013344,SC
916,CUST_010522,GA
917,CUST_012803,OH
918,CUST_012604,VA
919,CUST_010639,MA
920,CUST_013835,NC
921,CUST_013251,CT
922,CUST_013590,WA
923,CUST_012608,AL
924,CUST_014418,MO
925,CUST_012945,TN
926,CUST_014340,MN
927,CUST_012935,MA
928,CUST_013287,CA
929,CUST_013459,NC
930,CUST_010808,TX
931,CUST_011029,PA
932,CUST_010521,MD
933,CUST_013905,CO
934,CUST_014404,AL
935,CUST_014490,AZ
936,CUST_013981,AZ
937,CUST_014292,MD
938,CUST_012638,NC
939,CUST_013060,VA
940,CUST_014258,TX
941,CUST_013717,CT
942,CUST_010209,KY
943,CUST_011780,WA
944,CUST_012054,WA
945,CUST_012226,TX
946,CUST_012485,OH
947,CUST_014729,CT
948,CUST_010671,IL
949,CUST_010428,TN
950,CUST_014838,MO
951,CUST_011236,MD
952,CUST_010491,PA
953,CUST_012452,MN
954,CUST_014502,WI
955,CUST_012307,VA
956,CUST_012678,PA
957,CUST_014262,MI
958,CUST_013300,PA
959,CUST_012675,KY
960,CUST_013800,OK
961,CUST_012742,AZ
962,CUST_013292,IN
963,CUST_012971,NJ
964,CUST_010132,PA
965,CUST_010013,GA
966,CUST_011326,VA
967,CUST_012837,NY
968,CUST_014300,NJ
969,CUST_010979,KY
970,CUST_014034,WI
971,CUST_010293,GA
972,CUST_011008,OH
973,CUST_010463,UT
974,CUST_010557,SC
975,CUST_012283,IN
976,CUST_012534,MA
977,CUST_010688,OR
978,CUST_014255,TX
979,CUST_012996,WA
980,CUST_010303,UT
981,CUST_012371,AZ
982,CUST_014217,FL
983,CUST_013839,NY
984,CUST_014107,CA
985,CUST_014735,CA
986,CUST_013162,GA
987,CUST_012177,MI
988,CUST_013096,VA
989,CUST_012003,WA
990,CUST_012784,NY
991,CUST_014199,OR
992,CUST_011252,CO
993,CUST_010685,MI
994,CUST_013749,FL
995,CUST_011320,MN
996,CUST_011201,CT
997,CUST_013759,MO
998,CUST_011226,MN
999,CUST_011554,TN
1000,CUST_011695,NJ
1001,CUST_013056,SC
1002,CUST_012189,WA
1003,CUST_010126,KY
1004,CUST_010127,MD
1005,CUST_014333,NJ
1006,CUST_014518,MD
1007,CUST_013571,WA
1008,CUST_010301,WI
1009,CUST_012282,WA
1010,CUST_013121,NC
1011,CUST_012774,OH
1012,CUST_011539,OK
1013,CUST_012322,TX
1014,CUST_010680,NC
1015,CUST_013268,KY
1016,CUST_011193,MI
1017,CUST_011525,OK
1018,CUST_010314,CT
1019,CUST_013115,SC
1020,CUST_010880,NJ
1021,CUST_014109,MA
1022,CUST_013481,MD
1023,CUST_013231,MD
1024,CUST_014138,LA
1025,CUST_010388,IL
1026,CUST_010170,PA
1027,CUST_014471,TN
1028,CUST_013339,SC
1029,CUST_010028,AZ
1030,CUST_014396,FL
1031,CUST_014200,AL
1032,CUST_013153,CO
1033,CUST_011622,SC
1034,CUST_014012,NJ
1035,CUST_011034,NJ
1036,CUST_014665,LA
1037,CUST_013386,OK
1038,CUST_012178,LA
1039,CUST_010736,LA
1040,CUST_011103,CA
1041,CUST_014473,OH
1042,CUST_014848,IL
1043,CUST_012768,WI
1044,CUST_013500,LA
1045,CUST_010137,SC
1046,CUST_011738,NJ
1047,CUST_011416,CA
1048,CUST_011621,OK
1049,CUST_013852,OH
1050,CUST_013641,MO
1051,CUST_011854,OH
1052,CUST_012011,AZ
1053,CUST_010440,GA
1054,CUST_011237,OK
1055,CUST_011134,IN
1056,CUST_012243,CA
1057,CUST_012926,UT
1058,CUST_013228,WA
1059,CUST_014861,FL
1060,CUST_012679,LA
1061,CUST_013110,IN
1062,CUST_013918,SC
1063,CUST_011809,MA
1064,CUST_014638,IL
1065,CUST_010873,LA
1066,CUST_013658,WI
1067,CUST_013087,KY
1068,CUST_014647,WA
1069,CUST_011076,SC
1070,CUST_010735,TX
1071,CUST_012047,WA
1072,CUST_012127,MN
1073,CUST_012416,WI
1074,CUST_014683,PA
1075,CUST_011985,WA
1076,CUST_013875,LA
1077,CUST_010577,CO
1078,CUST_013240,PA
1079,CUST_010625,LA
1080,CUST_013551,FL
1081,CUST_010491,NY
1082,CUST_014616,KY
1083,CUST_013089,IL
1084,CUST_011410,IL
1085,CUST_013194,TX
1086,CUST_010671,AZ
1087,CUST_014870,CT
1088,CUST_014351,IL
1089,CUST_010741,TX
1090,CUST_013196,WI
1091,CUST_013082,CA
1092,CUST_010491,OH
1093,CUST_013399,IN
1094,CUST_010003,WA
1095,CUST_014774,MA
1096,CUST_011759,NJ
1097,CUST_010065,CO
1098,CUST_013357,SC
1099,CUST_010375,OR
1100,CUST_010519,VA
1101,CUST_010231,LA
1102,CUST_013443,CT
1103,CUST_014654,CO
1104,CUST_013722,WI
1105,CUST_012034,IL
1106,CUST_010054,PA
1107,CUST_013694,IL
1108,CUST_010391,LA
1109,CUST_010427,FL
1110,CUST_013076,CT
1111,CUST_010256,PA
1112,CUST_012886,IN
1113,CUST_010688,AZ
1114,CUST_010240,NC
1115,CUST_010857,MI
1116,CUST_011949,TN
1117,CUST_012422,VA
1118,CUST_010108,NY
1119,CUST_012146,AZ
1120,CUST_011258,NJ
1121,CUST_013104,FL
1122,CUST_012989,NC
1123,CUST_011230,MI
1124,CUST_012127,MA
1125,CUST_011706,LA
1126,CUST_011389,MD
1127,CUST_012709,SC
1128,CUST_013906,OH
1129,CUST_011866,AZ
1130,CUST_011246,WI
1131,CUST_014956,KY
1132,CUST_012433,MO
1133,CUST_012552,IL
1134,CUST_011309,VA
1135,CUST_010969,CA
1136,CUST_014534,NY
1137,CUST_014638,VA
1138,CUST_011228,MN
1139,CUST_011109,AZ
1140,CUST_012164,OH
1141,CUST_010768,MI
1142,CUST_014994,CA
1143,CUST_014852,MI
1144,CUST_014956,WA
1145,CUST_010569,CA
1146,CUST_010996,CT
1147,CUST_014792,AZ
1148,CUST_012124,AL
1149,CUST_014349,IL
1150,CUST_010532,IN
1151,CUST_014906,MN
1152,CUST_011286,NY
1153,CUST_011187,WI
1154,CUST_013022,LA
1155,CUST_013392,GA
1156,CUST_013202,PA
1157,CUST_013094,VA
1158,CUST_014789,CO
1159,CUST_011452,WI
1160,CUST_012365,MO
1161,CUST_010080,AL
1162,CUST_011480,MN
1163,CUST_014303,CT
1164,CUST_011038,AZ
1165,CUST_013423,NC
1166,CUST_014269,NC
1167,CUST_010881,WA
1168,CUST_012116,AZ
1169,CUST_012498,WI
1170,CUST_011476,WA
1171,CUST_010631,TN
1172,CUST_011575,MD
1173,CUST_012418,MN
1174,CUST_012541,TX
1175,CUST_010393,KY
1176,CUST_011734,AZ
1177,CUST_012356,AL
1178,CUST_011972,OH
1179,CUST_010109,WA
1180,CUST_013710,GA
1181,CUST_013764,OK
1182,CUST_014599,NJ
1183,CUST_012511,MI
1184,CUST_012309,OH
1185,CUST_013375,NJ
1186,CUST_011264,OR
1187,CUST_010764,TX
1188,CUST_014884,SC
1189,CUST_011303,NY
1190,CUST_011490,OH
1191,CUST_014710,NC
1192,CUST_013496,MA
1193,CUST_013831,SC
1194,CUST_010649,UT
1195,CUST_013199,AZ
1196,CUST_010498,TX
1197,CUST_011912,AL
1198,CUST_010515,AL
1199,CUST_012277,PA
1200,CUST_010130,AZ
1201,CUST_013904,GA
1202,CUST_011961,MI
1203,CUST_013396,PA
1204,CUST_014698,CO
1205,CUST_014383,IL
1206,CUST_011593,LA
1207,CUST_011868,OH
1208,CUST_010306,OR
1209,CUST_010971,LA
1210,CUST_013528,GA
1211,CUST_010299,MO
1212,CUST_011443,NY
1213,CUST_013282,CA
1214,CUST_011583,IN
1215,CUST_011398,IL
1216,CUST_010080,CT
1217,CUST_012289,OK
1218,CUST_014403,NY
1219,CUST_012033,KY
1220,CUST_013341,MD
1221,CUST_010618,MD
1222,CUST_012954,OR
1223,CUST_013851,CT
1224,CUST_013655,VA
1225,CUST_011332,UT
1226,CUST_014418,AL
1227,CUST_012169,UT
1228,CUST_012091,OK
1229,CUST_010666,UT
1230,CUST_013792,AZ
1231,CUST_010432,FL
1232,CUST_011230,CO
1233,CUST_014119,NC
1234,CUST_012213,IN
1235,CUST_013011,NY
1236,CUST_012167,CA
1237,CUST_011337,NY
1238,CUST_014486,MD
1239,CUST_014087,MN
1240,CUST_013449,LA
1241,CUST_012116,MD
1242,CUST_014917,AL
1243,CUST_014840,MO
1244,CUST_014035,CA
1245,CUST_010928,WA
1246,CUST_010900,MI
1247,CUST_011450,NC
1248,CUST_012177,MN
1249,CUST_013590,OK
1250,CUST_010880,IN
1251,CUST_010962,MO
1252,CUST_014857,MI
1253,CUST_014574,AL
1254,CUST_014082,MN
1255,CUST_013723,MI
1256,CUST_010390,AL
1257,CUST_014774,IL
1258,CUST_010680,OH
1259,CUST_013759,GA
1260,CUST_014369,WA
1261,CUST_014233,MA
1262,CUST_011758,MD
1263,CUST_012764,WA
1264,CUST_010316,TX
1265,CUST_013252,PA
1266,CUST_010184,FL
1267,CUST_010178,AZ
1268,CUST_013180,WI
1269,CUST_011696,MD
1270,CUST_013170,PA
1271,CUST_011080,WA
1272,CUST_010970,CT
1273,CUST_011461,NJ
1274,CUST_013084,GA
1275,CUST_014933,KY
1276,CUST_012800,KY
1277,CUST_014932,MN
1278,CUST_011730,MN
1279,CUST_014404,MO
1280,CUST_014308,KY
1281,CUST_010665,KY
1282,CUST_014634,MD
1283,CUST_010182,SC
1284,CUST_010626,TX
1285,CUST_013538,FL
1286,CUST_012282,IN
1287,CUST_014654,WA
1288,CUST_010213,MO
1289,CUST_014266,MA
1290,CUST_010611,WA
1291,CUST_011468,MD
1292,CUST_012686,IL
1293,CUST_010821,MO
1294,CUST_013776,IN
1295,CUST_012934,MO
1296,CUST_014189,SC
1297,CUST_014399,NY
1298,CUST_012448,KY
1299,CUST_014490,MO
1300,CUST_011605,OR
1301,CUST_013154,OR
1302,CUST_012894,TN
1303,CUST_010732,TN
1304,CUST_010538,CT
1305,CUST_013098,NC
1306,CUST_013155,OR
1307,CUST_014498,NJ
1308,CUST_014031,MO
1309,CUST_011443,MI
1310,CUST_013362,PA
1311,CUST_011474,WI
1312,CUST_014812,TX
1313,CUST_014175,TX
1314,CUST_014724,UT
1315,CUST_013175,MO
1316,CUST_011684,UT
1317,CUST_013209,MN
1318,CUST_011072,VA
1319,CUST_012566,WI
1320,CUST_010733,IL
1321,CUST_013588,AL
1322,CUST_014351,AL
1323,CUST_012249,LA
1324,CUST_010901,PA
1325,CUST_011517,AL
1326,CUST_011497,UT
1327,CUST_014632,CT
1328,CUST_012762,CT
1329,CUST_014330,MN
1330,CUST_011488,LA
1331,CUST_013518,MD
1332,CUST_013183,WA
1333,CUST_013142,FL
1334,CUST_011561,MO
1335,CUST_014771,SC
1336,CUST_014337,SC
1337,CUST_011331,VA
1338,CUST_011154,OH
1339,CUST_012909,CT
1340,CUST_010572,WI
1341,CUST_012071,MD
1342,CUST_012576,CO
1343,CUST_013968,MI
1344,CUST_014845,WA
1345,CUST_010435,UT
1346,CUST_013666,OK
1347,CUST_012758,NY
1348,CUST_014382,NJ
1349,CUST_013278,TX
1350,CUST_013608,CA
1351,CUST_014186,CA
1352,CUST_013337,OH
1353,CUST_010497,KY
1354,CUST_011090,KY
1355,CUST_010667,NC
1356,CUST_012609,AL
1357,CUST_014823,IL
1358,CUST_014040,PA
1359,CUST_013913,UT
1360,CUST_013229,IL
1361,CUST_013121,KY
1362,CUST_014681,GA
1363,CUST_010165,MO
1364,CUST_012890,NY
1365,CUST_013845,OK
1366,CUST_010088,CA
1367,CUST_010141,LA
1368,CUST_012741,CO
1369,CUST_014680,KY
1370,CUST_013893,NJ
1371,CUST_012953,CA
1372,CUST_013208,OH
1373,CUST_014413,FL
1374,CUST_010410,NY
1375,CUST_011632,NC
1376,CUST_012097,LA
1377,CUST_013314,NJ
1378,CUST_013289,MD
1379,CUST_010394,TX
1380,CUST_010385,GA
1381,CUST_011307,PA
1382,CUST_013195,MA
1383,CUST_014961,MO
1384,CUST_013250,CO
1385,CUST_013789,WI
1386,CUST_014707,MO
1387,CUST_013022,CA
1388,CUST_011035,CO
1389,CUST_014620,LA
1390,CUST_012749,MD
1391,CUST_010632,CO
1392,CUST_010329,MD
1393,CUST_011116,KY
1394,CUST_012026,PA
1395,CUST_014373,LA
1396,CUST_010359,OR
1397,CUST_011328,TN
1398,CUST_011285,NY
1399,CUST_012629,NJ
1400,CUST_011000,MI
1401,CUST_011808,AL
1402,CUST_011440,AZ
1403,CUST_014271,FL
1404,CUST_013567,UT
1405,CUST_014105,MN
1406,CUST_010307,KY
1407,CUST_011653,CA
1408,CUST_013236,IN
1409,CUST_012277,LA
1410,CUST_011871,CO
1411,CUST_011078,TN
1412,CUST_013760,WA
1413,CUST_010425,TN
1414,CUST_013505,OK
1415,CUST_012530,LA
1416,CUST_014207,AZ
1417,CUST_012210,MD
1418,CUST_011626,PA
1419,CUST_012686,CT
1420,CUST_010789,AZ
1421,CUST_012418,MA
1422,CUST_012645,AL
1423,CUST_014941,IN
1424,CUST_011942,OR
1425,CUST_014450,MA
1426,CUST_010024,PA
1427,CUST_011662,OK
1428,CUST_012137,NC
1429,CUST_012794,LA
1430,CUST_013744,CA
1431,CUST_013802,IN
1432,CUST_013124,OH
1433,CUST_012538,CA
1434,CUST_013079,AL
1435,CUST_011839,MO
1436,CUST_011255,MI
1437,CUST_013322,PA
1438,CUST_014626,OH
1439,CUST_014342,OK
1440,CUST_010968,LA
1441,CUST_010875,SC
1442,CUST_011088,SC
1443,CUST_013080,CA
1444,CUST_013262,CO
1445,CUST_013534,MN
1446,CUST_012175,VA
1447,CUST_011693,NC
1448,CUST_013731,NY
1449,CUST_011215,MO
1450,CUST_010733,UT
1451,CUST_010813,FL
1452,CUST_010681,MI
1453,CUST_014584,OR
1454,CUST_010013,CA
1455,CUST_011839,MD
1456,CUST_011316,AL
1457,CUST_012173,NC
1458,CUST_012204,CA
1459,CUST_013879,FL
1460,CUST_014965,NY
1461,CUST_011942,OK
1462,CUST_011605,TX
1463,CUST_011187,CO
1464,CUST_011910,NJ
1465,CUST_013707,MD
1466,CUST_012793,NY
1467,CUST_013033,GA
1468,CUST_014123,IN
1469,CUST_014955,CO
1470,CUST_014642,SC
1471,CUST_013925,AZ
1472,CUST_011336,CA
1473,CUST_014994,IL
1474,CUST_011371,NC
1475,CUST_010626,NJ
1476,CUST_012497,AZ
1477,CUST_012013,MA
1478,CUST_012766,WA
1479,CUST_011346,MI
1480,CUST_012301,WI
1481,CUST_011995,WI
1482,CUST_011291,AZ
1483,CUST_014408,NC
1484,CUST_010536,MO
1485,CUST_010363,WA
1486,CUST_011068,LA
1487,CUST_014157,OK
1488,CUST_014798,MD
1489,CUST_012578,UT
1490,CUST_012635,WI
1491,CUST_010006,WA
1492,CUST_014834,CT
1493,CUST_011813,MI
1494,CUST_014837,FL
1495,CUST_011106,OR
1496,CUST_014695,NC
1497,CUST_014405,VA
1498,CUST_014090,CO
1499,CUST_012635,FL
1500,CUST_011234,UT
1501,CUST_011918,OR
1502,CUST_013977,MD
1503,CUST_011933,MA
1504,CUST_014517,OR
1505,CUST_012456,MD
1506,CUST_012480,VA
1507,CUST_010102,AL
1508,CUST_010211,NJ
1509,CUST_013697,MN
1510,CUST_011012,TN
1511,CUST_011060,WI
1512,CUST_010647,WI
1513,CUST_011909,CT
1514,CUST_014993,OH
1515,CUST_010459,WI
1516,CUST_013027,IL
1517,CUST_014040,CA
1518,CUST_012432,WI
1519,CUST_011081,PA
1520,CUST_011381,IN
1521,CUST_014945,MA
1522,CUST_012880,TX
1523,CUST_010542,FL
1524,CUST_010346,NJ
1525,CUST_010253,MO
1526,CUST_012925,VA
1527,CUST_014305,IN
1528,CUST_013018,CT
1529,CUST_012815,KY
1530,CUST_013393,OK
1531,CUST_013437,OK
1532,CUST_013623,CO
1533,CUST_014371,KY
1534,CUST_011184,WI
1535,CUST_014124,OR
1536,CUST_012484,TN
1537,CUST_010769,IL
1538,CUST_012660,SC
1539,CUST_011112,NY
1540,CUST_010752,WA
1541,CUST_011486,UT
1542,CUST_014702,SC
1543,CUST_014536,IL
1544,CUST_010063,TX
1545,CUST_012406,NC
1546,CUST_011210,MD
1547,CUST_010594,CT
1548,CUST_011280,IL
1549,CUST_010838,WA
1550,CUST_011118,MI
1551,CUST_013083,OK
1552,CUST_012911,CT
1553,CUST_011713,CO
1554,CUST_015000,VA
1555,CUST_014168,TN
1556,CUST_010070,SC
1557,CUST_011307,TX
1558,CUST_013436,AL
1559,CUST_012904,WA
1560,CUST_014289,PA
1561,CUST_013630,MD
1562,CUST_014968,KY
1563,CUST_012805,NC
1564,CUST_014159,MI
1565,CUST_013072,MA
1566,CUST_014249,MA
1567,CUST_012344,OR
1568,CUST_011169,MI
1569,CUST_012039,NY
1570,CUST_011154,WA
1571,CUST_013570,CT
1572,CUST_010185,MO
1573,CUST_014351,AZ
1574,CUST_010208,OH
1575,CUST_012350,SC
1576,CUST_012266,WA
1577,CUST_013683,AL
1578,CUST_014704,WI
1579,CUST_012355,NY
1580,CUST_010083,MO
1581,CUST_013627,IN
1582,CUST_012137,MO
1583,CUST_014832,AZ
1584,CUST_011341,WA
1585,CUST_010197,CO
1586,CUST_011169,KY
1587,CUST_012672,WA
1588,CUST_014669,MN
1589,CUST_011559,VA
1590,CUST_012605,UT
1591,CUST_010811,WA
1592,CUST_014949,MO
1593,CUST_012008,TX
1594,CUST_014192,VA
1595,CUST_014111,NC
1596,CUST_014534,CA
1597,CUST_010318,NC
1598,CUST_012853,IL
1599,CUST_012583,NJ
1600,CUST_013272,VA
1601,CUST_012207,VA
1602,CUST_014775,SC
1603,CUST_012050,IL
1604,CUST_014265,AZ
1605,CUST_010448,IL
1606,CUST_010976,IN
1607,CUST_013432,UT
1608,CUST_014538,LA
1609,CUST_012712,UT
1610,CUST_014086,CA
1611,CUST_011042,KY
1612,CUST_013167,NJ
1613,CUST_012008,MO
1614,CUST_011123,AZ
1615,CUST_010993,MI
1616,CUST_014874,WA
1617,CUST_010548,CO
1618,CUST_010203,OR
1619,CUST_010646,LA
1620,CUST_010765,LA
1621,CUST_014003,VA
1622,CUST_012618,IL
1623,CUST_012468,AL
1624,CUST_011396,CO
1625,CUST_010196,SC
1626,CUST_014642,MI
1627,CUST_014199,MA
1628,CUST_014785,GA
1629,CUST_013039,FL
1630,CUST_011976,AL
1631,CUST_013036,CA
1632,CUST_013704,CT
1633,CUST_011248,UT
1634,CUST_011624,WA
1635,CUST_010581,NJ
1636,CUST_011747,SC
1637,CUST_012200,MI
1638,CUST_011064,LA
1639,CUST_014272,NY
1640,CUST_014926,OH
1641,CUST_014356,OH
1642,CUST_011675,MA
1643,CUST_012475,MD
1644,CUST_013352,MN
1645,CUST_011071,WA
1646,CUST_011179,SC
1647,CUST_012783,OK
1648,CUST_010434,OR
1649,CUST_010470,OH
1650,CUST_012765,KY
1651,CUST_010638,CT
1652,CUST_014375,MN
1653,CUST_014858,MO
1654,CUST_013681,FL
1655,CUST_012387,LA
1656,CUST_013584,AZ
1657,CUST_011747,KY
1658,CUST_011120,NY
1659,CUST_013250,MO
1660,CUST_011287,CA
1661,CUST_014988,CA
1662,CUST_012656,MI
1663,CUST_013715,CA
1664,CUST_011036,FL
1665,CUST_013862,AZ
1666,CUST_010039,OR
1667,CUST_012626,MO
1668,CUST_014537,MO
1669,CUST_011509,MI
1670,CUST_012825,MN
1671,CUST_012825,LA
1672,CUST_012627,GA
1673,CUST_013272,WI
1674,CUST_010129,TX
1675,CUST_013523,CO
1676,CUST_012481,AZ
1677,CUST_014437,OH
1678,CUST_010949,IN
1679,CUST_011084,NC
1680,CUST_013550,MD
1681,CUST_012615,GA
1682,CUST_010878,MN
1683,CUST_013978,AZ
1684,CUST_011180,CT
1685,CUST_010376,IL
1686,CUST_013150,WA
1687,CUST_013450,PA
1688,CUST_013873,NY
1689,CUST_012693,AL
1690,CUST_012699,OK
1691,CUST_012117,CA
1692,CUST_013573,OH
1693,CUST_011266,CO
1694,CUST_011347,NJ
1695,CUST_013693,WA
1696,CUST_010184,IL
1697,CUST_010054,MO
1698,CUST_012214,CA
1699,CUST_010101,UT
1700,CUST_010564,OR
1701,CUST_011193,KY
1702,CUST_014027,MA
1703,CUST_013957,FL
1704,CUST_012359,MI
1705,CUST_011378,TX
1706,CUST_012141,FL
1707,CUST_010054,IL
1708,CUST_010163,WI
1709,CUST_012598,OK
1710,CUST_010421,TX
1711,CUST_013789,IL
1712,CUST_010348,AL
1713,CUST_010227,AZ
1714,CUST_011531,IN
1715,CUST_012747,TN
1716,CUST_014736,UT
1717,CUST_012413,PA
1718,CUST_012378,MN
1719,CUST_013971,VA
1720,CUST_010833,TX
1721,CUST_014667,FL
1722,CUST_012420,PA
1723,CUST_012183,WI
1724,CUST_011882,OH
1725,CUST_012922,TN
1726,CUST_010859,LA
1727,CUST_014404,MA
1728,CUST_010691,WI
1729,CUST_010001,KY
1730,CUST_012461,TX
1731,CUST_014530,IN
1732,CUST_010896,CO
1733,CUST_011585,NC
1734,CUST_011595,UT
1735,CUST_011794,IN
1736,CUST_014964,CO
1737,CUST_013798,MI
1738,CUST_012583,CO
1739,CUST_011088,GA
1740,CUST_010482,MA
1741,CUST_010863,MN
1742,CUST_011796,GA
1743,CUST_010552,NJ
1744,CUST_011635,MI
1745,CUST_011582,CT
1746,CUST_012739,NJ
1747,CUST_010626,AL
1748,CUST_014695,CO
1749,CUST_014825,OK
1750,CUST_014124,TX
1751,CUST_012199,MD
1752,CUST_014335,NY
1753,CUST_011868,IL
1754,CUST_014287,OH
1755,CUST_012537,MI
1756,CUST_010985,PA
1757,CUST_011405,CO
1758,CUST_012328,PA
1759,CUST_014313,WA
1760,CUST_013546,NC
1761,CUST_012277,OK
1762,CUST_013059,FL
1763,CUST_014000,WA
1764,CUST_014796,VA
1765,CUST_011617,AL
1766,CUST_012285,AZ
1767,CUST_010359,WA
1768,CUST_013601,PA
1769,CUST_014508,WA
1770,CUST_011766,AL
1771,CUST_011204,UT
1772,CUST_013481,OR
1773,CUST_012122,CO
1774,CUST_011469,MD
1775,CUST_012565,NY
1776,CUST_013916,WA
1777,CUST_013194,IL
1778,CUST_014691,VA
1779,CUST_011125,TN
1780,CUST_014785,UT
1781,CUST_014505,IL
1782,CUST_014080,OK
1783,CUST_010300,NC
1784,CUST_012005,CO
1785,CUST_014836,SC
1786,CUST_010634,TX
1787,CUST_012650,TX
1788,CUST_012461,OK
1789,CUST_014205,MA
1790,CUST_014838,IL
1791,CUST_011766,MD
1792,CUST_011727,UT
1793,CUST_014835,MA
1794,CUST_014282,SC
1795,CUST_013028,IL
1796,CUST_010239,CO
1797,CUST_010241,WA
1798,CUST_011340,CA
1799,CUST_011531,GA
1800,CUST_012907,NC
1801,CUST_013389,LA
1802,CUST_013738,MN
1803,CUST_011832,FL
1804,CUST_013618,MD
1805,CUST_010767,OR
1806,CUST_012263,IL
1807,CUST_014317,OK
1808,CUST_011470,NJ
1809,CUST_012742,UT
1810,CUST_014746,WA
1811,CUST_012449,MO
1812,CUST_010804,MD
1813,CUST_014535,OH
1814,CUST_014450,VA
1815,CUST_011212,GA
1816,CUST_014692,MN
1817,CUST_010965,WI
1818,CUST_011443,CO
1819,CUST_011847,NJ
1820,CUST_014663,AL
1821,CUST_012452,OH
1822,CUST_013888,UT
1823,CUST_013626,OH
1824,CUST_011262,CO
1825,CUST_013571,NJ
1826,CUST_010003,OH
1827,CUST_014416,MD
1828,CUST_013078,CA
1829,CUST_012423,LA
1830,CUST_013685,NY
1831,CUST_013810,PA
1832,CUST_012512,NC
1833,CUST_011620,OH
1834,CUST_012458,LA
1835,CUST_013148,CO
1836,CUST_013315,VA
1837,CUST_012455,MN
1838,CUST_010515,OH
1839,CUST_013076,NY
1840,CUST_011101,MI
1841,CUST_011499,MO
1842,CUST_011913,UT
1843,CUST_011353,OH
1844,CUST_014725,CO
1845,CUST_011134,NC
1846,CUST_011501,CA
1847,CUST_013024,PA
1848,CUST_011657,KY
1849,CUST_014425,NY
1850,CUST_011561,PA
1851,CUST_010699,MN
1852,CUST_010587,MD
1853,CUST_014991,OH
1854,CUST_014564,NY
1855,CUST_014399,AZ
1856,CUST_014104,CT
1857,CUST_012521,NC
1858,CUST_014160,MD
1859,CUST_010448,CO
1860,CUST_014419,WI
1861,CUST_012467,AZ
1862,CUST_014854,CT
1863,CUST_012444,AZ
1864,CUST_014541,CT
1865,CUST_013903,LA
1866,CUST_010685,KY
1867,CUST_014358,MI
1868,CUST_010832,MA
1869,CUST_011804,FL
1870,CUST_014549,WI
1871,CUST_014395,MA
1872,CUST_014367,OH
1873,CUST_011943,IL
1874,CUST_013110,NY
1875,CUST_014064,AZ
1876,CUST_013182,GA
1877,CUST_013489,KY
1878,CUST_012056,KY
1879,CUST_012208,LA
1880,CUST_012621,IN
1881,CUST_011228,WA
1882,CUST_013718,AL
1883,CUST_011776,MO
1884,CUST_013869,IN
1885,CUST_013968,PA
1886,CUST_010001,AL
1887,CUST_011061,TN
1888,CUST_014779,TN
1889,CUST_010504,WA
1890,CUST_011650,WA
1891,CUST_013740,CO
1892,CUST_012797,CO
1893,CUST_013509,AL
1894,CUST_012598,GA
1895,CUST_013709,MA
1896,CUST_010112,NC
1897,CUST_012592,MA
1898,CUST_014935,CA
1899,CUST_013951,VA
1900,CUST_011850,GA
1901,CUST_013319,GA
1902,CUST_011294,UT
1903,CUST_012193,MO
1904,CUST_012034,PA
1905,CUST_014137,WI
1906,CUST_010278,AZ
1907,CUST_010990,VA
1908,CUST_010883,WI
1909,CUST_013168,NY
1910,CUST_011034,SC
1911,CUST_013532,GA
1912,CUST_014513,MO
1913,CUST_010156,MD
1914,CUST_013332,IN
1915,CUST_013703,CO
1916,CUST_014434,IL
1917,CUST_012296,AZ
1918,CUST_014029,MN
1919,CUST_011372,GA
1920,CUST_011066,AZ
1921,CUST_014867,AZ
1922,CUST_012118,MD
1923,CUST_010365,AZ
1924,CUST_013760,OR
1925,CUST_011987,CO
1926,CUST_012755,SC
1927,CUST_010978,VA
1928,CUST_013755,OK
1929,CUST_011022,GA
1930,CUST_013470,PA
1931,CUST_013640,MA
1932,CUST_010369,OK
1933,CUST_013045,WI
1934,CUST_012019,VA
1935,CUST_014200,KY
1936,CUST_012942,FL
1937,CUST_011214,GA
1938,CUST_011686,KY
1939,CUST_013647,UT
1940,CUST_012769,NY
1941,CUST_014818,NJ
1942,CUST_013282,MD
1943,CUST_010489,IL
1944,CUST_010163,FL
1945,CUST_010125,GA
1946,CUST_013277,OR
1947,CUST_010517,NC
1948,CUST_010241,LA
1949,CUST_013757,OR
1950,CUST_012372,PA
1951,CUST_014956,FL
1952,CUST_014688,CT
1953,CUST_014373,PA
1954,CUST_010899,MD
1955,CUST_014005,FL
1956,CUST_011842,NY
1957,CUST_012062,TN
1958,CUST_013811,MA
1959,CUST_012122,OH
1960,CUST_013055,TX
1961,CUST_014990,FL
1962,CUST_014463,AL
1963,CUST_010192,GA
1964,CUST_013162,IN
1965,CUST_011732,WA
1966,CUST_011430,TN
1967,CUST_012485,WA
1968,CUST_014678,IN
1969,CUST_010739,CO
1970,CUST_012347,NY
1971,CUST_012745,TN
1972,CUST_012271,WI
1973,CUST_012676,CT
1974,CUST_013714,CA
1975,CUST_013496,IL
1976,CUST_013856,CT
1977,CUST_014245,SC
1978,CUST_010293,MI
1979,CUST_012371,MA
1980,CUST_014970,MO
1981,CUST_012812,UT
1982,CUST_014374,CA
1983,CUST_012640,AZ
1984,CUST_010224,FL
1985,CUST_011319,TX
1986,CUST_013801,MI
1987,CUST_013021,WI
1988,CUST_011492,SC
1989,CUST_014711,GA
1990,CUST_010052,CT
1991,CUST_014269,LA
1992,CUST_014885,IN
1993,CUST_014271,CA
1994,CUST_013685,AL
1995,CUST_010422,MD
1996,CUST_011294,OK
1997,CUST_011210,NY
1998,CUST_012241,WA
1999,CUST_011074,CA
2000,CUST_010762,MO
2001,CUST_011442,GA
2002,CUST_011388,MN
2003,CUST_012221,PA
2004,CUST_011465,NY
2005,CUST_012223,UT
2006,CUST_011897,MN
2007,CUST_011987,WA
2008,CUST_014815,OR
2009,CUST_010870,MI
2010,CUST_014676,WA
2011,CUST_010308,OK
2012,CUST_013883,MD
2013,CUST_011836,OK
2014,CUST_012376,MN
2015,CUST_012414,WI
2016,CUST_011867,MA
2017,CUST_012293,UT
2018,CUST_014831,FL
2019,CUST_010307,FL
2020,CUST_010966,OH
2021,CUST_014541,IN
2022,CUST_011879,OH
2023,CUST_010327,MN
2024,CUST_010961,KY
2025,CUST_014198,MI
2026,CUST_014353,OH
2027,CUST_011255,CO
2028,CUST_013992,AL
2029,CUST_014518,NC
2030,CUST_013219,KY
2031,CUST_014439,CA
2032,CUST_011085,OR
2033,CUST_012145,NC
2034,CUST_013937,MA
2035,CUST_010810,NC
2036,CUST_011623,WA
2037,CUST_012847,MO
2038,CUST_010186,PA
2039,CUST_014634,MN
2040,CUST_011075,AZ
2041,CUST_011507,WI
2042,CUST_010304,NJ
2043,CUST_011465,NJ
2044,CUST_014580,MD
2045,CUST_011142,UT
2046,CUST_011828,MO
2047,CUST_010844,KY
2048,CUST_011658,AL
2049,CUST_012097,KY
2050,CUST_012485,MD
2051,CUST_013461,CT
2052,CUST_013718,MA
2053,CUST_013259,OR
2054,CUST_012224,WI
2055,CUST_013948,FL
2056,CUST_014039,NC
2057,CUST_014471,CT
2058,CUST_011451,FL
2059,CUST_014259,OK
2060,CUST_014447,WI
2061,CUST_011805,IL
2062,CUST_011181,LA
2063,CUST_011677,MN
2064,CUST_011110,SC
2065,CUST_013284,MA
2066,CUST_014136,AL
2067,CUST_013576,GA
2068,CUST_014467,AL
2069,CUST_011843,SC
2070,CUST_013340,AZ
2071,CUST_011720,LA
2072,CUST_012373,UT
2073,CUST_010184,NC
2074,CUST_014474,CT
2075,CUST_011169,WI
2076,CUST_014147,MN
2077,CUST_011314,MD
2078,CUST_011065,MO
2079,CUST_013641,NC
2080,CUST_010187,WA
2081,CUST_014612,MN
2082,CUST_011112,WA
2083,CUST_010567,VA
2084,CUST_011377,OH
2085,CUST_013148,WI
2086,CUST_011699,WA
2087,CUST_011021,NJ
2088,CUST_014135,OH
2089,CUST_011116,NJ
2090,CUST_012087,AZ
2091,CUST_013537,SC
2092,CUST_012379,IL
2093,CUST_011947,CO
2094,CUST_010904,CA
2095,CUST_013563,LA
2096,CUST_014690,MD
2097,CUST_010714,CT
2098,CUST_012810,AL
2099,CUST_013960,OK
2100,CUST_012094,OK
2101,CUST_012412,OR
2102,CUST_013236,OH
2103,CUST_010308,GA
2104,CUST_013824,NY
2105,CUST_011470,NC
2106,CUST_012374,CT
2107,CUST_012798,MI
2108,CUST_011703,MD
2109,CUST_011297,TN
2110,CUST_011276,LA
2111,CUST_011772,CT
2112,CUST_010577,AL
2113,CUST_014125,AL
2114,CUST_012085,MA
2115,CUST_010598,UT
2116,CUST_013513,AL
2117,CUST_010141,IL
2118,CUST_014337,IL
2119,CUST_013953,WI
2120,CUST_013906,MN
2121,CUST_012422,MA
2122,CUST_014688,NC
2123,CUST_011188,AL
2124,CUST_011994,MO
2125,CUST_010440,MO
2126,CUST_012167,CT
2127,CUST_012079,PA
2128,CUST_013721,VA
2129,CUST_010410,OR
2130,CUST_012674,SC
2131,CUST_012944,TN
2132,CUST_012022,AL
2133,CUST_011033,GA
2134,CUST_014802,OK
2135,CUST_010969,WA
2136,CUST_012879,AL
2137,CUST_011023,GA
2138,CUST_010936,OK
2139,CUST_010556,LA
2140,CUST_010374,CT
2141,CUST_011017,GA
2142,CUST_010764,IN
2143,CUST_010539,OK
2144,CUST_012366,FL
2145,CUST_010173,OH
2146,CUST_014232,MD
2147,CUST_010695,NJ
2148,CUST_014712,MN
2149,CUST_011088,PA
2150,CUST_014290,IN
2151,CUST_014803,IN
2152,CUST_010625,CO
2153,CUST_010006,NJ
2154,CUST_013040,AL
2155,CUST_013272,AL
2156,CUST_014919,AZ
2157,CUST_010046,NY
2158,CUST_013470,OR
2159,CUST_010703,FL
2160,CUST_011102,NY
2161,CUST_013608,SC
2162,CUST_012119,CT
2163,CUST_013372,MA
2164,CUST_010513,MI
2165,CUST_011098,IL
2166,CUST_010958,OR
2167,CUST_013037,GA
2168,CUST_013261,NY
2169,CUST_014518,LA
2170,CUST_010511,OK
2171,CUST_013214,AZ
2172,CUST_013818,LA
2173,CUST_014488,OH
2174,CUST_012494,WI
2175,CUST_010642,MO
2176,CUST_010348,AZ
2177,CUST_012439,MN
2178,CUST_010073,NJ
2179,CUST_012504,GA
2180,CUST_013664,OH
2181,CUST_010544,AZ
2182,CUST_010025,KY
2183,CUST_011597,PA
2184,CUST_012683,MI
2185,CUST_012190,OH
2186,CUST_010061,NY
2187,CUST_012811,WA
2188,CUST_014629,OH
2189,CUST_014823,OH
2190,CUST_011578,LA
2191,CUST_012569,WA
2192,CUST_013613,GA
2193,CUST_014897,MA
2194,CUST_014878,AZ
2195,CUST_012251,LA
2196,CUST_011865,WA
2197,CUST_014006,UT
2198,CUST_013987,LA
2199,CUST_012735,MD
2200,CUST_012673,OH
2201,CUST_013566,KY
2202,CUST_014136,LA
2203,CUST_014845,AZ
2204,CUST_013514,NC
2205,CUST_011295,AL
2206,CUST_012226,AZ
2207,CUST_014297,MI
2208,CUST_011808,OH
2209,CUST_012371,FL
2210,CUST_012889,AZ
2211,CUST_010338,IN
2212,CUST_010419,NY
2213,CUST_010372,OK
2214,CUST_011035,AZ
2215,CUST_011201,KY
2216,CUST_012752,GA
2217,CUST_012285,CT
2218,CUST_012235,MO
2219,CUST_010809,OR
2220,CUST_011896,MD
2221,CUST_014907,OK
2222,CUST_011957,MO
2223,CUST_012331,PA
2224,CUST_012761,LA
2225,CUST_012354,LA
2226,CUST_014701,OR
2227,CUST_011561,LA
2228,CUST_013630,CO
2229,CUST_011426,PA
2230,CUST_010531,MD
2231,CUST_012299,NC
2232,CUST_010032,IL
2233,CUST_012200,PA
2234,CUST_011474,FL
2235,CUST_010425,MN
2236,CUST_012557,MO
2237,CUST_012680,OH
2238,CUST_012922,NJ
2239,CUST_010655,KY
2240,CUST_013388,MD
2241,CUST_011111,MA
2242,CUST_013784,OK
2243,CUST_013294,PA
2244,CUST_011044,OR
2245,CUST_010377,AZ
2246,CUST_012707,TN
2247,CUST_014507,AL
2248,CUST_010607,MD
2249,CUST_010392,KY
2250,CUST_011789,IL
2251,CUST_013011,TX
2252,CUST_013793,WA
2253,CUST_010723,OR
2254,CUST_013133,WI
2255,CUST_011986,NY
2256,CUST_011617,IN
2257,CUST_010949,NJ
2258,CUST_010877,MI
2259,CUST_012418,PA
2260,CUST_011856,NC
2261,CUST_011089,NJ
2262,CUST_014131,NJ
2263,CUST_010082,IL
2264,CUST_011119,MA
2265,CUST_014314,IN
2266,CUST_011762,WA
2267,CUST_010674,MA
2268,CUST_014116,MA
2269,CUST_014600,CO
2270,CUST_011743,KY
2271,CUST_010026,PA
2272,CUST_010687,NC
2273,CUST_010740,NJ
2274,CUST_014021,OK
2275,CUST_012336,PA
2276,CUST_011146,WI
2277,CUST_014859,VA
2278,CUST_010242,SC
2279,CUST_013184,IL
2280,CUST_010689,CT
2281,CUST_013132,IN
2282,CUST_014912,UT
2283,CUST_011447,CO
2284,CUST_013772,VA
2285,CUST_011909,OK
2286,CUST_012467,IN
2287,CUST_011348,NY
2288,CUST_012568,AL
2289,CUST_010855,NJ
2290,CUST_012286,OR
2291,CUST_012188,CO
2292,CUST_014960,CO
2293,CUST_010810,MO
2294,CUST_012521,KY
2295,CUST_012917,SC
2296,CUST_013138,KY
2297,CUST_013096,AL
2298,CUST_010258,MN
2299,CUST_012105,VA
2300,CUST_013450,TN
2301,CUST_013762,IL
2302,CUST_010212,OK
2303,CUST_014949,FL
2304,CUST_010727,CO
2305,CUST_010433,AL
2306,CUST_014393,MD
2307,CUST_010611,AZ
2308,CUST_013243,TN
2309,CUST_011785,AZ
2310,CUST_011068,MD
2311,CUST_012445,IL
2312,CUST_011147,OK
2313,CUST_013039,LA
2314,CUST_011712,OH
2315,CUST_014767,NJ
2316,CUST_014678,LA
2317,CUST_011128,LA
2318,CUST_013995,TX
2319,CUST_013781,WI
2320,CUST_014374,AZ
2321,CUST_010714,LA
2322,CUST_010446,WI
2323,CUST_013091,MI
2324,CUST_010877,SC
2325,CUST_014685,AL
2326,CUST_010755,WA
2327,CUST_013740,NJ
2328,CUST_011643,OR
2329,CUST_012074,CA
2330,CUST_013989,WI
2331,CUST_013949,NJ
2332,CUST_012253,NC
2333,CUST_010079,AL
2334,CUST_013074,AZ
2335,CUST_011593,OK
2336,CUST_011572,NC
2337,CUST_014669,MI
2338,CUST_013537,CA
2339,CUST_012234,MD
2340,CUST_011890,MO
2341,CUST_011764,VA
2342,CUST_010828,IL
2343,CUST_013840,OH
2344,CUST_013186,OR
2345,CUST_011687,IL
2346,CUST_011351,WA
2347,CUST_013431,WA
2348,CUST_014923,TX
2349,CUST_012822,CO
2350,CUST_013056,OR
2351,CUST_013488,NC
2352,CUST_010938,TX
2353,CUST_011847,OK
2354,CUST_011854,TX
2355,CUST_012678,NC
2356,CUST_014215,KY
2357,CUST_010646,WA
2358,CUST_010910,VA
2359,CUST_011912,SC
2360,CUST_011562,CO
2361,CUST_013282,SC
2362,CUST_012172,FL
2363,CUST_013622,PA
2364,CUST_010763,AZ
2365,CUST_014614,KY
2366,CUST_012542,CO
2367,CUST_013240,AL
2368,CUST_011428,CA
2369,CUST_013507,TN
2370,CUST_011831,MA
2371,CUST_014540,MO
2372,CUST_014519,CO
2373,CUST_014170,NJ
2374,CUST_013609,OK
2375,CUST_014653,NY
2376,CUST_010225,AZ
2377,CUST_011755,PA
2378,CUST_013717,NJ
2379,CUST_012351,AZ
2380,CUST_011780,VA
2381,CUST_013766,NC
2382,CUST_013631,IL
2383,CUST_010877,CT
2384,CUST_012714,UT
2385,CUST_011097,UT
2386,CUST_013922,MD
2387,CUST_012460,AZ
2388,CUST_011135,IL
2389,CUST_011556,MO
2390,CUST_014741,MN
2391,CUST_014388,TN
2392,CUST_011396,IN
2393,CUST_012112,OK
2394,CUST_012715,AL
2395,CUST_014350,VA
2396,CUST_013964,WA
2397,CUST_011117,SC
2398,CUST_011852,OR
2399,CUST_013893,SC
2400,CUST_012049,CT
2401,CUST_013233,SC
2402,CUST_012589,OR
2403,CUST_011848,CO
2404,CUST_010151,MI
2405,CUST_013883,OH
2406,CUST_010150,IL
2407,CUST_013555,SC
2408,CUST_011286,CA
2409,CUST_014249,KY
2410,CUST_012468,OH
2411,CUST_013723,OH
2412,CUST_010667,CT
2413,CUST_010766,CT
2414,CUST_010193,MI
2415,CUST_010924,CA
2416,CUST_013002,CT
2417,CUST_011092,FL
2418,CUST_010425,OR
2419,CUST_013771,MN
2420,CUST_012574,PA
2421,CUST_012449,MN
2422,CUST_010887,NC
2423,CUST_014066,LA
2424,CUST_014445,SC
2425,CUST_010563,CT
2426,CUST_010925,VA
2427,CUST_013375,GA
2428,CUST_011857,MA
2429,CUST_013248,FL
2430,CUST_011020,KY
2431,CUST_012299,CT
2432,CUST_012863,PA
2433,CUST_012834,WA
2434,CUST_010556,IN
2435,CUST_014103,KY
2436,CUST_010544,NJ
2437,CUST_014752,MI
2438,CUST_013709,AZ
2439,CUST_013013,TX
2440,CUST_012731,IN
2441,CUST_010490,WI
2442,CUST_014209,IL
2443,CUST_010647,OR
2444,CUST_014574,MO
2445,CUST_011464,OR
2446,CUST_012718,CA
2447,CUST_013532,AL
2448,CUST_010955,NJ
2449,CUST_013596,AZ
2450,CUST_011628,IN
2451,CUST_013890,TX
2452,CUST_013523,IL
2453,CUST_014678,AZ
2454,CUST_013182,NJ
2455,CUST_013877,AZ
2456,CUST_014014,CO
2457,CUST_014706,LA
2458,CUST_012719,OH
2459,CUST_012100,GA
2460,CUST_010683,KY
2461,CUST_010381,MO
2462,CUST_013344,KY
2463,CUST_010086,CA
2464,CUST_012859,CA
2465,CUST_012059,KY
2466,CUST_011760,IN
2467,CUST_010751,WA
2468,CUST_014566,MN
2469,CUST_011110,AZ
2470,CUST_014427,OK
2471,CUST_014000,TN
2472,CUST_010341,SC
2473,CUST_014069,CA
2474,CUST_014356,AZ
2475,CUST_013610,MO
2476,CUST_012574,UT
2477,CUST_010327,NY
2478,CUST_012005,VA
2479,CUST_010605,MI
2480,CUST_013457,WI
2481,CUST_014469,NJ
2482,CUST_013707,SC
2483,CUST_012070,CT
2484,CUST_014185,IL
2485,CUST_014973,MI
2486,CUST_013529,UT
2487,CUST_013341,CT
2488,CUST_013240,KY
2489,CUST_014243,TX
2490,CUST_011955,OR
2491,CUST_012358,OH
2492,CUST_012302,OR
2493,CUST_010216,KY
2494,CUST_011665,OK
2495,CUST_012572,MA
2496,CUST_011725,WA
2497,CUST_010075,KY
2498,CUST_010369,KY
2499,CUST_012075,AZ
2500,CUST_010627,MA
2501,CUST_012666,NC
2502,CUST_013272,FL
2503,CUST_012966,LA
2504,CUST_013587,NY
2505,CUST_012247,CO
2506,CUST_013024,LA
2507,CUST_010917,CT
2508,CUST_010387,MA
2509,CUST_010358,MD
2510,CUST_011173,CO
2511,CUST_012114,MN
2512,CUST_013471,CT
2513,CUST_012454,OK
2514,CUST_010325,WI
2515,CUST_013251,OK
2516,CUST_011428,NY
2517,CUST_013798,PA
2518,CUST_011173,NJ
2519,CUST_013101,NC
2520,CUST_013025,NC
2521,CUST_014419,NC
2522,CUST_014424,AL
2523,CUST_014570,WA
2524,CUST_010208,AZ
2525,CUST_014566,MO
2526,CUST_014082,SC
2527,CUST_012167,TX
2528,CUST_010516,VA
2529,CUST_014498,CA
2530,CUST_014722,SC
2531,CUST_011673,SC
2532,CUST_013889,MN
2533,CUST_013602,GA
2534,CUST_011469,IL
2535,CUST_012417,PA
2536,CUST_010124,MO
2537,CUST_013647,NY
2538,CUST_010551,VA
2539,CUST_011383,PA
2540,CUST_014534,UT
2541,CUST_011805,NC
2542,CUST_014683,IN
2543,CUST_011946,CA
2544,CUST_011010,IN
2545,CUST_011070,NY
2546,CUST_010066,MI
2547,CUST_013408,TX
2548,CUST_014958,NC
2549,CUST_013462,AZ
2550,CUST_011050,MA
2551,CUST_012479,IL
2552,CUST_013504,VA
2553,CUST_010328,CO
2554,CUST_013125,MA
2555,CUST_012188,SC
2556,CUST_010385,AZ
2557,CUST_013936,AL
2558,CUST_012013,PA
2559,CUST_013220,CT
2560,CUST_014243,GA
2561,CUST_011871,WI
2562,CUST_013480,MD
2563,CUST_011129,IL
2564,CUST_010637,NC
2565,CUST_011270,FL
2566,CUST_012852,NC
2567,CUST_012240,NJ
2568,CUST_014706,MA
2569,CUST_012715,OK
2570,CUST_010762,WA
2571,CUST_010591,WA
2572,CUST_012514,CT
2573,CUST_010387,NY
2574,CUST_011212,NY
2575,CUST_012201,NC
2576,CUST_011579,IN
2577,CUST_010980,OK
2578,CUST_014232,SC
2579,CUST_014197,TX
2580,CUST_014443,KY
2581,CUST_011063,UT
2582,CUST_011122,CO
2583,CUST_013736,UT
2584,CUST_014113,CA
2585,CUST_012613,MO
2586,CUST_010686,OR
2587,CUST_014804,MO
2588,CUST_011699,MO
2589,CUST_014102,AL
2590,CUST_013239,IL
2591,CUST_010057,IL
2592,CUST_011477,IL
2593,CUST_010635,AL
2594,CUST_010307,WI
2595,CUST_014634,TX
2596,CUST_014802,NJ
2597,CUST_013083,MO
2598,CUST_012779,WA
2599,CUST_013394,CT
2600,CUST_014721,CA
2601,CUST_010060,UT
2602,CUST_010815,SC
2603,CUST_012105,CT
2604,CUST_010888,VA
2605,CUST_014953,OK
2606,CUST_012577,IL
2607,CUST_014996,NC
2608,CUST_012892,OR
2609,CUST_011013,AL
2610,CUST_012768,PA
2611,CUST_014914,FL
2612,CUST_010674,SC
2613,CUST_013172,AZ
2614,CUST_011437,PA
2615,CUST_012010,FL
2616,CUST_013193,CO
2617,CUST_011131,VA
2618,CUST_014145,VA
2619,CUST_013716,AL
2620,CUST_011051,KY
2621,CUST_013553,NC
2622,CUST_014982,TX
2623,CUST_011709,OH
2624,CUST_014115,TN
2625,CUST_011685,IL
2626,CUST_013852,NC
2627,CUST_012568,TX
2628,CUST_011531,CA
2629,CUST_013319,OH
2630,CUST_012796,VA
2631,CUST_012108,WA
2632,CUST_011944,SC
2633,CUST_011202,AZ
2634,CUST_010371,MI
2635,CUST_010772,TX
2636,CUST_010385,NJ
2637,CUST_011695,NC
2638,CUST_014721,CT
2639,CUST_013784,OH
2640,CUST_011111,LA
2641,CUST_012416,AZ
2642,CUST_013586,IL
2643,CUST_014721,SC
2644,CUST_012664,IN
2645,CUST_011821,CA
2646,CUST_014685,CO
2647,CUST_013327,OR
2648,CUST_010886,OR
2649,CUST_014822,TX
2650,CUST_013677,TX
2651,CUST_011408,IL
2652,CUST_013383,CO
2653,CUST_012457,NJ
2654,CUST_010866,MI
2655,CUST_013880,MD
2656,CUST_011185,CT
2657,CUST_012292,CT
2658,CUST_010806,AZ
2659,CUST_014787,AL
2660,CUST_010091,MA
2661,CUST_013057,MD
2662,CUST_012395,OK
2663,CUST_011130,CA
2664,CUST_010580,MI
2665,CUST_012040,MA
2666,CUST_014795,SC
2667,CUST_014139,TX
2668,CUST_011384,MI
2669,CUST_013851,SC
2670,CUST_010823,PA
2671,CUST_011650,TX
2672,CUST_010929,IN
2673,CUST_010197,OH
2674,CUST_010224,NJ
2675,CUST_014715,KY
2676,CUST_012646,IN
2677,CUST_010957,MN
2678,CUST_010966,MI
2679,CUST_012929,LA
2680,CUST_010896,OH
2681,CUST_011305,MA
2682,CUST_013315,MD
2683,CUST_011099,CO
2684,CUST_014033,MO
2685,CUST_010367,MO
2686,CUST_011429,CA
2687,CUST_013136,OR
2688,CUST_011520,OR
2689,CUST_014598,MI
2690,CUST_010813,UT
2691,CUST_012813,MD
2692,CUST_011924,MO
2693,CUST_010180,CA
2694,CUST_012953,MN
2695,CUST_011190,MO
2696,CUST_010843,WI
2697,CUST_012370,AL
2698,CUST_011987,MD
2699,CUST_012221,AZ
2700,CUST_012255,OR
2701,CUST_010996,MN
2702,CUST_012206,CT
2703,CUST_012702,LA
2704,CUST_011937,MD
2705,CUST_013369,UT
2706,CUST_013459,NJ
2707,CUST_013207,UT
2708,CUST_011751,TX
2709,CUST_014665,CO
2710,CUST_013994,CA
2711,CUST_014489,VA
2712,CUST_013315,OR
2713,CUST_014727,NJ
2714,CUST_010043,MD
2715,CUST_010425,GA
2716,CUST_010355,AZ
2717,CUST_012543,CT
2718,CUST_014512,UT
2719,CUST_010263,TN
2720,CUST_010407,VA
2721,CUST_012303,IL
2722,CUST_011491,CA
2723,CUST_011652,OR
2724,CUST_010783,OK
2725,CUST_013422,SC
2726,CUST_014383,NC
2727,CUST_011502,OK
2728,CUST_012482,TN
2729,CUST_014072,MD
2730,CUST_014193,WI
2731,CUST_012260,CA
2732,CUST_011175,NY
2733,CUST_011343,MD
2734,CUST_011001,FL
2735,CUST_014438,NY
2736,CUST_011573,IL
2737,CUST_013541,OH
2738,CUST_010041,OH
2739,CUST_012654,LA
2740,CUST_014260,MD
2741,CUST_010740,MD
2742,CUST_011489,IL
2743,CUST_014880,KY
2744,CUST_013847,MA
2745,CUST_010204,MD
2746,CUST_012339,MA
2747,CUST_014966,FL
2748,CUST_012296,IN
2749,CUST_010267,CT
2750,CUST_010833,PA
2751,CUST_011456,MD
2752,CUST_013922,TX
2753,CUST_010534,TN
2754,CUST_014283,TN
2755,CUST_012830,NY
2756,CUST_013716,AZ
2757,CUST_011583,NC
2758,CUST_013564,VA
2759,CUST_014671,MA
2760,CUST_014864,UT
2761,CUST_013441,MI
2762,CUST_013580,IL
2763,CUST_011224,OR
2764,CUST_013523,OH
2765,CUST_014731,IL
2766,CUST_010024,NC
2767,CUST_011430,MI
2768,CUST_011752,WA
2769,CUST_014577,TX
2770,CUST_010536,MN
2771,CUST_011624,CO
2772,CUST_012585,MD
2773,CUST_013032,MO
2774,CUST_011902,NJ
2775,CUST_010782,AL
2776,CUST_012854,UT
2777,CUST_011860,WA
2778,CUST_013264,UT
2779,CUST_011526,TN
2780,CUST_014699,OK
2781,CUST_013395,MN
2782,CUST_011151,PA
2783,CUST_014312,WA
2784,CUST_013267,WI
2785,CUST_013512,SC
2786,CUST_011033,FL
2787,CUST_010763,UT
2788,CUST_014674,NC
2789,CUST_011074,CO
2790,CUST_010501,KY
2791,CUST_011529,NJ
2792,CUST_011963,OR
2793,CUST_014152,OH
2794,CUST_013673,WI
2795,CUST_013518,TX
2796,CUST_014182,CT
2797,CUST_013864,MA
2798,CUST_014916,AL
2799,CUST_014526,VA
2800,CUST_012262,WI
2801,CUST_014942,LA
2802,CUST_014731,OK
2803,CUST_012963,OK
2804,CUST_012457,MO
2805,CUST_010205,PA
2806,CUST_011852,MI
2807,CUST_014683,GA
2808,CUST_010944,WI
2809,CUST_012240,TX
2810,CUST_011982,NY
2811,CUST_010351,MA
2812,CUST_011207,PA
2813,CUST_013719,FL
2814,CUST_014193,WA
2815,CUST_010163,CO
2816,CUST_013309,CO
2817,CUST_010435,OK
2818,CUST_014150,UT
2819,CUST_011294,OH
2820,CUST_012824,MO
2821,CUST_014175,WI
2822,CUST_010946,CA
2823,CUST_012841,MA
2824,CUST_010434,CA
2825,CUST_012007,MI
2826,CUST_013963,CO
2827,CUST_011865,NY
2828,CUST_011183,WI
2829,CUST_014392,LA
2830,CUST_014525,MA
2831,CUST_012289,IL
2832,CUST_013893,GA
2833,CUST_010449,MO
2834,CUST_011923,AZ
2835,CUST_014507,WI
2836,CUST_011785,WI
2837,CUST_010584,MD
2838,CUST_012609,LA
2839,CUST_010265,MN
2840,CUST_011095,TX
2841,CUST_012588,CO
2842,CUST_013772,NY
2843,CUST_013460,IL
2844,CUST_012455,TX
2845,CUST_014553,MO
2846,CUST_012671,IN
2847,CUST_013643,VA
2848,CUST_012209,MN
2849,CUST_010837,TN
2850,CUST_013392,LA
2851,CUST_014324,PA
2852,CUST_011002,UT
2853,CUST_010486,IL
2854,CUST_012348,AZ
2855,CUST_012037,IN
2856,CUST_013632,PA
2857,CUST_012677,AZ
2858,CUST_011624,KY
2859,CUST_013392,CO
2860,CUST_014840,WI
2861,CUST_012150,MA
2862,CUST_010098,MA
2863,CUST_012977,TX
2864,CUST_011241,OH
2865,CUST_012722,KY
2866,CUST_013973,PA
2867,CUST_013488,CT
2868,CUST_010210,NJ
2869,CUST_012974,NJ
2870,CUST_014258,AL
2871,CUST_010300,MD
2872,CUST_011132,OR
2873,CUST_011668,NC
2874,CUST_012276,WA
2875,CUST_010048,WA
2876,CUST_012225,OR
2877,CUST_013397,KY
2878,CUST_011363,WA
2879,CUST_012134,OK
2880,CUST_013407,LA
2881,CUST_013791,GA
2882,CUST_011670,NC
2883,CUST_013473,PA
2884,CUST_010154,MA
2885,CUST_013302,NJ
2886,CUST_010986,MI
2887,CUST_014269,TX
2888,CUST_011262,VA
2889,CUST_013805,WI
2890,CUST_011290,OH
2891,CUST_012596,VA
2892,CUST_011306,VA
2893,CUST_012240,MO
2894,CUST_014379,FL
2895,CUST_014105,CO
2896,CUST_013640,AL
2897,CUST_013538,AL
2898,CUST_013558,UT
2899,CUST_011480,CT
2900,CUST_010898,SC
2901,CUST_014011,TN
2902,CUST_013303,OH
2903,CUST_013413,KY
2904,CUST_013450,WA
2905,CUST_011153,CA
2906,CUST_013418,AL
2907,CUST_013032,UT
2908,CUST_014452,CA
2909,CUST_010367,MA
2910,CUST_010042,IN
2911,CUST_012357,CA
2912,CUST_011864,MI
2913,CUST_012186,AL
2914,CUST_010811,MN
2915,CUST_011552,NC
2916,CUST_011121,SC
2917,CUST_014492,CT
2918,CUST_013286,OH
2919,CUST_014482,AZ
2920,CUST_013140,TN
2921,CUST_010872,MO
2922,CUST_014256,AL
2923,CUST_014807,OK
2924,CUST_013699,NC
2925,CUST_011757,GA
2926,CUST_013035,OK
2927,CUST_014426,CO
2928,CUST_013159,OK
2929,CUST_014862,MO
2930,CUST_014101,OH
2931,CUST_011241,NC
2932,CUST_012717,LA
2933,CUST_011436,NC
2934,CUST_012261,GA
2935,CUST_013543,LA
2936,CUST_011264,VA
2937,CUST_010356,MD
2938,CUST_013291,AL
2939,CUST_011149,OK
2940,CUST_013134,IL
2941,CUST_010260,IL
2942,CUST_012726,IN
2943,CUST_014596,WA
2944,CUST_013195,CT
2945,CUST_010644,OR
2946,CUST_014473,KY
2947,CUST_010988,GA
2948,CUST_013081,OH
2949,CUST_012623,MA
2950,CUST_011933,OH
2951,CUST_011563,AZ
2952,CUST_012256,OH
2953,CUST_010739,TX
2954,CUST_013248,OR
2955,CUST_011820,MI
2956,CUST_010018,WI
2957,CUST_014897,WI
2958,CUST_014174,GA
2959,CUST_014086,OK
2960,CUST_011523,OK
2961,CUST_014795,MO
2962,CUST_013418,MO
2963,CUST_010677,OR
2964,CUST_014325,NY
2965,CUST_012919,NC
2966,CUST_010060,AL
2967,CUST_011621,PA
2968,CUST_011474,MN
2969,CUST_010612,MN
2970,CUST_010559,FL
2971,CUST_012510,CO
2972,CUST_013643,OH
2973,CUST_012652,NC
2974,CUST_010276,KY
2975,CUST_010983,MD
2976,CUST_013822,KY
2977,CUST_014587,IL
2978,CUST_013948,LA
2979,CUST_014679,OR
2980,CUST_011451,MD
2981,CUST_011352,KY
2982,CUST_011326,NY
2983,CUST_013980,TN
2984,CUST_010555,PA
2985,CUST_013366,TX
2986,CUST_011243,UT
2987,CUST_013468,TX
2988,CUST_010032,TN
2989,CUST_011672,GA
2990,CUST_012353,MD
2991,CUST_013894,MI
2992,CUST_012830,WA
2993,CUST_013605,NC
2994,CUST_011758,LA
2995,CUST_013703,MI
2996,CUST_010333,IL
2997,CUST_013888,NC
2998,CUST_012592,KY
2999,CUST_013803,CO
3000,CUST_011170,UT
3001,CUST_012381,MN
3002,CUST_014614,MA
3003,CUST_012880,CO
3004,CUST_012803,TN
3005,CUST_012386,TN
3006,CUST_014845,FL
3007,CUST_011919,TN
3008,CUST_013148,NJ
3009,CUST_012962,OK
3010,CUST_012767,MO
3011,CUST_012717,GA
3012,CUST_013321,KY
3013,CUST_014308,TX
3014,CUST_013563,KY
3015,CUST_010826,MI
3016,CUST_014021,MA
3017,CUST_010700,GA
3018,CUST_010280,FL
3019,CUST_012160,NJ
3020,CUST_012411,LA
3021,CUST_013483,SC
3022,CUST_013189,IL
3023,CUST_011612,TX
3024,CUST_012538,WI
3025,CUST_014643,WI
3026,CUST_014443,MI
3027,CUST_010781,VA
3028,CUST_010315,OR
3029,CUST_013252,NJ
3030,CUST_014784,TN
3031,CUST_014702,WA
3032,CUST_010872,NY
3033,CUST_011347,CO
3034,CUST_011248,CA
3035,CUST_014210,TX
3036,CUST_010535,SC
3037,CUST_012398,MA
3038,CUST_014471,OH
3039,CUST_012460,CO
3040,CUST_014630,IN
3041,CUST_012495,WI
3042,CUST_013518,AL
3043,CUST_011612,AL
3044,CUST_014621,MI
3045,CUST_014894,AZ
3046,CUST_010962,UT
3047,CUST_011155,IL
3048,CUST_010347,MD
3049,CUST_011301,OR
3050,CUST_011994,WA
3051,CUST_014022,NC
3052,CUST_012570,CT
3053,CUST_013827,VA
3054,CUST_010544,MD
3055,CUST_014593,AL
3056,CUST_011763,IL
3057,CUST_013080,SC
3058,CUST_014922,OR
3059,CUST_013690,PA
3060,CUST_012244,MA
3061,CUST_012949,NJ
3062,CUST_011357,AL
3063,CUST_014335,OH
3064,CUST_010516,CA
3065,CUST_011711,AZ
3066,CUST_010414,WI
3067,CUST_014661,AL
3068,CUST_013248,NY
3069,CUST_011688,IL
3070,CUST_010088,VA
3071,CUST_013992,OH
3072,CUST_010805,KY
3073,CUST_010551,FL
3074,CUST_013587,VA
3075,CUST_010195,KY
3076,CUST_012846,WA
3077,CUST_011313,AZ
3078,CUST_013296,OK
3079,CUST_012386,IL
3080,CUST_012250,NC
3081,CUST_012700,WI
3082,CUST_012250,MO
3083,CUST_011345,AL
3084,CUST_011489,FL
3085,CUST_012608,CO
3086,CUST_011429,GA
3087,CUST_014121,IL
3088,CUST_010927,MA
3089,CUST_011057,VA
3090,CUST_010586,MO
3091,CUST_011195,VA
3092,CUST_014673,AZ
3093,CUST_010436,CO
3094,CUST_014058,IL
3095,CUST_011522,NJ
3096,CUST_012364,NJ
3097,CUST_011771,CO
3098,CUST_010598,CA
3099,CUST_012098,TN
3100,CUST_014079,OR
3101,CUST_014472,MA
3102,CUST_010606,AZ
3103,CUST_010653,NY
3104,CUST_011937,UT
3105,CUST_010618,MO
3106,CUST_012328,OR
3107,CUST_010502,IL
3108,CUST_014900,NJ
3109,CUST_013048,VA
3110,CUST_011946,GA
3111,CUST_010824,CA
3112,CUST_012254,WA
3113,CUST_010531,NY
3114,CUST_011179,MO
3115,CUST_011687,NJ
3116,CUST_013415,TN
3117,CUST_014942,NY
3118,CUST_012223,MA
3119,CUST_013633,MN
3120,CUST_013792,NY
3121,CUST_013168,FL
3122,CUST_012536,CT
3123,CUST_014489,LA
3124,CUST_011610,NC
3125,CUST_011806,WI
3126,CUST_012053,CO
3127,CUST_014678,NY
3128,CUST_010262,AL
3129,CUST_012880,AZ
3130,CUST_012911,NC
3131,CUST_012797,WI
3132,CUST_014695,NY
3133,CUST_010250,CO
3134,CUST_010331,CA
3135,CUST_014690,FL
3136,CUST_011036,WI
3137,CUST_013492,WI
3138,CUST_014954,PA
3139,CUST_010023,UT
3140,CUST_014748,WI
3141,CUST_013843,OH
3142,CUST_013134,MN
3143,CUST_010626,MD
3144,CUST_010477,OK
3145,CUST_014793,GA
3146,CUST_012841,MI
3147,CUST_013169,WI
3148,CUST_010648,OR
3149,CUST_012500,AL
3150,CUST_011206,KY
3151,CUST_012584,LA
3152,CUST_010608,PA
3153,CUST_010337,WI
3154,CUST_014285,OR
3155,CUST_014823,GA
3156,CUST_012918,LA
3157,CUST_013990,UT
3158,CUST_012578,TN
3159,CUST_010586,FL
3160,CUST_014059,LA
3161,CUST_012709,WI
3162,CUST_013179,CA
3163,CUST_013347,TX
3164,CUST_013588,OK
3165,CUST_012584,WI
3166,CUST_010607,FL
3167,CUST_014194,NJ
3168,CUST_013036,OR
3169,CUST_010039,LA
3170,CUST_012617,IL
3171,CUST_012338,CO
3172,CUST_012395,KY
3173,CUST_011701,NY
3174,CUST_010458,LA
3175,CUST_012091,AZ
3176,CUST_013023,MN
3177,CUST_010803,LA
3178,CUST_011760,NY
3179,CUST_010213,NY
3180,CUST_010128,MD
3181,CUST_010951,MN
3182,CUST_013931,CA
3183,CUST_011296,IN
3184,CUST_012006,MO
3185,CUST_012784,CT
3186,CUST_012808,WA
3187,CUST_013898,WI
3188,CUST_014589,CO
3189,CUST_010606,TX
3190,CUST_012937,OR
3191,CUST_011013,WA
3192,CUST_010574,IL
3193,CUST_011826,OK
3194,CUST_010771,WI
3195,CUST_011655,CO
3196,CUST_012173,AL
3197,CUST_014665,GA
3198,CUST_012010,IN
3199,CUST_013024,OK
3200,CUST_010708,LA
3201,CUST_013407,MA
3202,CUST_013278,SC
3203,CUST_011147,MN
3204,CUST_010995,MO
3205,CUST_012049,NY
3206,CUST_011894,NY
3207,CUST_013540,MD
3208,CUST_010139,OR
3209,CUST_014820,OR
3210,CUST_012101,OR
3211,CUST_011432,NJ
3212,CUST_011739,LA
3213,CUST_014406,MA
3214,CUST_010764,OK
3215,CUST_011608,OR
3216,CUST_012425,UT
3217,CUST_013354,CA
3218,CUST_010426,WI
3219,CUST_014679,CT
3220,CUST_011611,CT
3221,CUST_011323,IL
3222,CUST_014574,WI
3223,CUST_012308,VA
3224,CUST_010232,IN
3225,CUST_014022,FL
3226,CUST_012637,OK
3227,CUST_014647,MN
3228,CUST_010224,VA
3229,CUST_014992,NJ
3230,CUST_014011,NC
3231,CUST_014019,AL
3232,CUST_011866,SC
3233,CUST_013205,MN
3234,CUST_011972,FL
3235,CUST_014904,MI
3236,CUST_014365,WI
3237,CUST_010366,MN
3238,CUST_011268,WI
3239,CUST_014445,VA
3240,CUST_013868,OK
3241,CUST_010049,NC
3242,CUST_012869,WA
3243,CUST_011339,MO
3244,CUST_012985,MN
3245,CUST_010821,MN
3246,CUST_014077,MA
3247,CUST_014381,NC
3248,CUST_013205,PA
3249,CUST_014662,SC
3250,CUST_011870,FL
3251,CUST_011058,VA
3252,CUST_011166,IN
3253,CUST_013083,PA
3254,CUST_012978,MI
3255,CUST_010735,CO
3256,CUST_011485,KY
3257,CUST_011988,LA
3258,CUST_013799,LA
3259,CUST_010009,IL
3260,CUST_013337,GA
3261,CUST_014244,OK
3262,CUST_014251,TN
3263,CUST_010615,NY
3264,CUST_013543,TX
3265,CUST_014380,WI
3266,CUST_014457,PA
3267,CUST_012777,TX
3268,CUST_012290,WI
3269,CUST_013840,WA
3270,CUST_011835,MA
3271,CUST_013357,WA
3272,CUST_012872,MI
3273,CUST_013504,UT
3274,CUST_014446,AZ
3275,CUST_014246,TX
3276,CUST_010618,TN
3277,CUST_012138,AL
3278,CUST_012788,AZ
3279,CUST_012412,WA
3280,CUST_011114,OH
3281,CUST_013696,TN
3282,CUST_010144,GA
3283,CUST_010656,AL
3284,CUST_014882,SC
3285,CUST_013663,CT
3286,CUST_010607,IL
3287,CUST_010293,TX
3288,CUST_014142,TN
3289,CUST_011125,NJ
3290,CUST_011575,GA
3291,CUST_014493,GA
3292,CUST_011070,WI
3293,CUST_010671,VA
3294,CUST_014688,WA
3295,CUST_013813,CT
3296,CUST_014453,MO
3297,CUST_011158,MI
3298,CUST_011375,AL
3299,CUST_014500,MN
3300,CUST_011191,NC
3301,CUST_011924,WI
3302,CUST_010018,OR
3303,CUST_014903,OR
3304,CUST_011149,CA
3305,CUST_014422,GA
3306,CUST_014173,PA
3307,CUST_013113,OK
3308,CUST_010566,LA
3309,CUST_012759,GA
3310,CUST_010584,MN
3311,CUST_012706,MO
3312,CUST_014623,LA
3313,CUST_012286,WI
3314,CUST_012952,SC
3315,CUST_014915,MA
3316,CUST_013731,MO
3317,CUST_014449,VA
3318,CUST_010672,CT
3319,CUST_013981,VA
3320,CUST_011424,TX
3321,CUST_013431,OR
3322,CUST_010073,KY
3323,CUST_011706,SC
3324,CUST_014080,VA
3325,CUST_014875,AZ
3326,CUST_010515,GA
3327,CUST_011720,MO
3328,CUST_014054,UT
3329,CUST_012913,IN
3330,CUST_010122,LA
3331,CUST_010450,OH
3332,CUST_010474,NJ
3333,CUST_012006,CT
3334,CUST_012930,CT
3335,CUST_014644,NC
3336,CUST_010712,GA
3337,CUST_011765,OH
3338,CUST_010833,NJ
3339,CUST_011552,UT
3340,CUST_010058,NC
3341,CUST_011066,MN
3342,CUST_012665,PA
3343,CUST_014762,KY
3344,CUST_014030,WI
3345,CUST_013599,TN
3346,CUST_014942,MA
3347,CUST_010605,VA
3348,CUST_012258,GA
3349,CUST_011780,IN
3350,CUST_012631,FL
3351,CUST_014529,SC
3352,CUST_014020,KY
3353,CUST_013467,WA
3354,CUST_014831,MN
3355,CUST_013202,MA
3356,CUST_013890,WA
3357,CUST_012101,MO
3358,CUST_011327,TX
3359,CUST_010499,TN
3360,CUST_010831,MA
3361,CUST_010962,OH
3362,CUST_012667,TX
3363,CUST_013238,MD
3364,CUST_012942,MD
3365,CUST_014028,MN
3366,CUST_012012,AL
3367,CUST_014614,OH
3368,CUST_012428,MO
3369,CUST_010229,CO
3370,CUST_011118,MN
3371,CUST_011884,NY
3372,CUST_013245,OK
3373,CUST_014761,TN
3374,CUST_012785,CO
3375,CUST_012076,CT
3376,CUST_014303,FL
3377,CUST_011880,AL
3378,CUST_013862,KY
3379,CUST_012845,VA
3380,CUST_014127,CO
3381,CUST_012660,MD
3382,CUST_014496,MN
3383,CUST_014568,TN
3384,CUST_011071,FL
3385,CUST_012528,PA
3386,CUST_014794,IL
3387,CUST_012841,IL
3388,CUST_014881,AL
3389,CUST_014595,AL
3390,CUST_010053,FL
3391,CUST_014638,CO
3392,CUST_013915,NC
3393,CUST_012027,MD
3394,CUST_010346,WI
3395,CUST_010788,MO
3396,CUST_012827,CT
3397,CUST_013339,CA
3398,CUST_012577,LA
3399,CUST_011070,AL
3400,CUST_014931,SC
3401,CUST_014718,PA
3402,CUST_010109,OR
3403,CUST_014859,GA
3404,CUST_011836,LA
3405,CUST_011522,CO
3406,CUST_013539,TN
3407,CUST_011687,AL
3408,CUST_013592,LA
3409,CUST_011493,TN
3410,CUST_011807,CA
3411,CUST_014943,UT
3412,CUST_012041,CT
3413,CUST_013330,CO
3414,CUST_010738,MO
3415,CUST_012497,NY
3416,CUST_012744,MO
3417,CUST_014275,MA
3418,CUST_014478,IN
3419,CUST_012945,MA
3420,CUST_010053,IN
3421,CUST_013218,CO
3422,CUST_011363,OR
3423,CUST_010812,SC
3424,CUST_014065,FL
3425,CUST_011298,CO
3426,CUST_010675,MO
3427,CUST_012468,KY
3428,CUST_014079,KY
3429,CUST_013019,FL
3430,CUST_013039,IN
3431,CUST_011309,SC
3432,CUST_010552,IL
3433,CUST_014234,IL
3434,CUST_013691,WA
3435,CUST_010369,AZ
3436,CUST_012935,MI
3437,CUST_010755,UT
3438,CUST_013175,GA
3439,CUST_012533,MO
3440,CUST_011380,SC
3441,CUST_014963,GA
3442,CUST_014598,TX
3443,CUST_010116,VA
3444,CUST_010921,MI
3445,CUST_010530,PA
3446,CUST_013511,TX
3447,CUST_011133,AL
3448,CUST_013958,WA
3449,CUST_011537,OH
3450,CUST_011622,NJ
3451,CUST_012373,FL
3452,CUST_010735,SC
3453,CUST_014373,AL
3454,CUST_010897,CT
3455,CUST_012490,CA
3456,CUST_013542,AL
3457,CUST_012566,SC
3458,CUST_013557,NC
3459,CUST_011295,MD
3460,CUST_012088,NC
3461,CUST_010216,GA
3462,CUST_010785,KY
3463,CUST_012683,OH
3464,CUST_013780,MO
3465,CUST_011961,CO
3466,CUST_012158,VA
3467,CUST_011668,CA
3468,CUST_013253,CT
3469,CUST_011247,MD
3470,CUST_012198,MI
3471,CUST_012475,NY
3472,CUST_013146,TX
3473,CUST_011000,NY
3474,CUST_014554,KY
3475,CUST_011271,FL
3476,CUST_013475,AL
3477,CUST_012201,CA
3478,CUST_010884,MI
3479,CUST_014899,TN
3480,CUST_014350,MA
3481,CUST_011213,CO
3482,CUST_013447,IN
3483,CUST_014137,IN
3484,CUST_013126,AL
3485,CUST_011343,OR
3486,CUST_014327,TN
3487,CUST_014491,CA
3488,CUST_013486,NY
3489,CUST_013887,TX
3490,CUST_010249,MI
3491,CUST_012927,SC
3492,CUST_011973,CO
3493,CUST_014047,NY
3494,CUST_010715,UT
3495,CUST_012263,IN
3496,CUST_012418,FL
3497,CUST_011792,NY
3498,CUST_011103,AZ
3499,CUST_012463,MD
3500,CUST_011558,GA
3501,CUST_010170,MA
3502,CUST_012014,LA
3503,CUST_014972,MN
3504,CUST_012065,OH
3505,CUST_014862,TX
3506,CUST_014504,CT
3507,CUST_014334,AL
3508,CUST_014186,IL
3509,CUST_014249,NJ
3510,CUST_010871,GA
3511,CUST_012521,NJ
3512,CUST_013795,IL
3513,CUST_010170,IL
3514,CUST_013954,TN
3515,CUST_012840,NJ
3516,CUST_011522,MA
3517,CUST_011861,NC
3518,CUST_010840,MI
3519,CUST_011320,IN
3520,CUST_012268,UT
3521,CUST_011935,CT
3522,CUST_014988,OR
3523,CUST_014327,FL
3524,CUST_013740,MO
3525,CUST_012515,MA
3526,CUST_010766,MD
3527,CUST_012604,OK
3528,CUST_010141,UT
3529,CUST_014468,GA
3530,CUST_013143,OR
3531,CUST_013639,OK
3532,CUST_014440,IL
3533,CUST_012567,VA
3534,CUST_012394,NC
3535,CUST_014598,LA
3536,CUST_010919,NJ
3537,CUST_010691,SC
3538,CUST_012637,LA
3539,CUST_014167,NJ
3540,CUST_010944,FL
3541,CUST_012565,AL
3542,CUST_011100,NY
3543,CUST_013165,WI
3544,CUST_010990,NY
3545,CUST_013576,PA
3546,CUST_010202,NY
3547,CUST_013222,VA
3548,CUST_012782,WI
3549,CUST_012163,FL
3550,CUST_014601,TN
3551,CUST_010565,AZ
3552,CUST_014378,KY
3553,CUST_014867,KY
3554,CUST_010418,MI
3555,CUST_011464,CO
3556,CUST_010153,LA
3557,CUST_011455,TX
3558,CUST_011284,AL
3559,CUST_011920,NC
3560,CUST_014708,TN
3561,CUST_014422,NC
3562,CUST_010390,FL
3563,CUST_014471,MA
3564,CUST_013469,IL
3565,CUST_012496,MA
3566,CUST_014669,MD
3567,CUST_014185,OH
3568,CUST_014429,IL
3569,CUST_013554,MN
3570,CUST_012984,WI
3571,CUST_011098,MA
3572,CUST_010148,MN
3573,CUST_014830,VA
3574,CUST_013587,NC
3575,CUST_012611,NY
3576,CUST_010203,CA
3577,CUST_013012,FL
3578,CUST_013016,MO
3579,CUST_011035,TN
3580,CUST_014831,KY
3581,CUST_011041,FL
3582,CUST_013392,CT
3583,CUST_012409,MI
3584,CUST_013067,NC
3585,CUST_013850,MD
3586,CUST_010061,WI
3587,CUST_010323,FL
3588,CUST_010841,GA
3589,CUST_011751,FL
3590,CUST_010738,CO
3591,CUST_010648,WA
3592,CUST_010374,KY
3593,CUST_010203,AZ
3594,CUST_014545,VA
3595,CUST_014244,OH
3596,CUST_013011,WA
3597,CUST_012907,OK
3598,CUST_012966,GA
3599,CUST_012977,CA
3600,CUST_011297,OH
3601,CUST_010073,MI
3602,CUST_014683,MA
3603,CUST_011359,MD
3604,CUST_010630,NY
3605,CUST_011955,MN
3606,CUST_012348,IL
3607,CUST_013506,MA
3608,CUST_013072,MI
3609,CUST_013957,NY
3610,CUST_012191,LA
3611,CUST_010851,IN
3612,CUST_013893,CO
3613,CUST_012325,FL
3614,CUST_014082,FL
3615,CUST_011085,WA
3616,CUST_011824,MI
3617,CUST_012893,MI
3618,CUST_012962,WA
3619,CUST_014547,AZ
3620,CUST_010727,AZ
3621,CUST_013304,NY
3622,CUST_012668,AZ
3623,CUST_012623,AL
3624,CUST_012157,GA
3625,CUST_010405,PA
3626,CUST_013476,MD
3627,CUST_010945,PA
3628,CUST_014365,CO
3629,CUST_010082,WA
3630,CUST_014216,MN
3631,CUST_012161,TN
3632,CUST_010108,MA
3633,CUST_011963,MI
3634,CUST_013181,OR
3635,CUST_013589,FL
3636,CUST_011036,PA
3637,CUST_010659,AZ
3638,CUST_014104,PA
3639,CUST_010380,PA
3640,CUST_012805,CA
3641,CUST_014184,GA
3642,CUST_013881,IN
3643,CUST_014494,WA
3644,CUST_011049,LA
3645,CUST_011152,FL
3646,CUST_013329,AZ
3647,CUST_014832,GA
3648,CUST_013735,CT
3649,CUST_010992,TN
3650,CUST_010737,IL
3651,CUST_014748,KY
3652,CUST_011035,NY
3653,CUST_014551,IN
3654,CUST_011256,WA
3655,CUST_014229,NY
3656,CUST_010316,CT
3657,CUST_011324,FL
3658,CUST_012261,WI
3659,CUST_010770,MN
3660,CUST_014872,TN
3661,CUST_012470,NY
3662,CUST_011124,VA
3663,CUST_013126,CA
3664,CUST_012558,CA
3665,CUST_010325,GA
3666,CUST_013535,AZ
3667,CUST_011003,MN
3668,CUST_014104,CO
3669,CUST_013038,OK
3670,CUST_011565,IN
3671,CUST_013236,VA
3672,CUST_012564,OH
3673,CUST_013182,LA
3674,CUST_010856,MD
3675,CUST_013635,LA
3676,CUST_010330,VA
3677,CUST_012575,IL
3678,CUST_012220,IL
3679,CUST_011849,MD
3680,CUST_012155,TX
3681,CUST_013823,FL
3682,CUST_010702,KY
3683,CUST_010771,MO
3684,CUST_013255,OH
3685,CUST_011397,OR
3686,CUST_013253,PA
3687,CUST_014830,MI
3688,CUST_011142,CA
3689,CUST_010767,CT
3690,CUST_012889,TN
3691,CUST_013423,AZ
3692,CUST_013309,WI
3693,CUST_010671,MD
3694,CUST_013919,MO
3695,CUST_013922,NJ
3696,CUST_011275,MI
3697,CUST_010430,MO
3698,CUST_012215,TX
3699,CUST_010164,WI
3700,CUST_012675,SC
3701,CUST_012842,PA
3702,CUST_013681,NJ
3703,CUST_012944,LA
3704,CUST_013456,FL
3705,CUST_011739,SC
3706,CUST_011404,PA
3707,CUST_014108,MO
3708,CUST_013074,FL
3709,CUST_014838,MA
3710,CUST_014941,PA
3711,CUST_010198,NY
3712,CUST_013220,LA
3713,CUST_012132,AZ
3714,CUST_011559,UT
3715,CUST_014508,GA
3716,CUST_013775,AL
3717,CUST_013127,OK
3718,CUST_010963,LA
3719,CUST_014395,MD
3720,CUST_013253,LA
3721,CUST_011061,OK
3722,CUST_010036,OR
3723,CUST_014419,CA
3724,CUST_012622,UT
3725,CUST_010977,SC
3726,CUST_014975,UT
3727,CUST_012597,CO
3728,CUST_014769,GA
3729,CUST_011021,FL
3730,CUST_014307,AZ
3731,CUST_010300,FL
3732,CUST_010540,WI
3733,CUST_010940,KY
3734,CUST_010439,TN
3735,CUST_010798,UT
3736,CUST_014716,OK
3737,CUST_012073,TN
3738,CUST_011893,MN
3739,CUST_010288,FL
3740,CUST_012341,VA
3741,CUST_012676,LA
3742,CUST_013902,WA
3743,CUST_012167,AL
3744,CUST_010028,MN
3745,CUST_013262,MA
3746,CUST_014408,MN
3747,CUST_011749,NY
3748,CUST_012242,MD
3749,CUST_011480,MI
3750,CUST_010050,IL
3751,CUST_012184,MD
3752,CUST_014236,MO
3753,CUST_013908,TX
3754,CUST_013271,VA
3755,CUST_012148,NJ
3756,CUST_012745,MO
3757,CUST_011899,OR
3758,CUST_010519,TN
3759,CUST_011721,CO
3760,CUST_012815,CT
3761,CUST_012218,MO
3762,CUST_011028,GA
3763,CUST_012404,OR
3764,CUST_014834,VA
3765,CUST_011365,WI
3766,CUST_010989,GA
3767,CUST_010618,MI
3768,CUST_014845,CT
3769,CUST_012242,OK
3770,CUST_011174,NC
3771,CUST_014826,NC
3772,CUST_014764,MD
3773,CUST_011863,PA
3774,CUST_014363,SC
3775,CUST_010051,IN
3776,CUST_011708,CO
3777,CUST_014396,MI
3778,CUST_012262,PA
3779,CUST_013764,CO
3780,CUST_013022,KY
3781,CUST_014883,NJ
3782,CUST_013075,OK
3783,CUST_012131,MO
3784,CUST_010636,NY
3785,CUST_012023,UT
3786,CUST_012539,GA
3787,CUST_013433,WI
3788,CUST_012786,NC
3789,CUST_011364,VA
3790,CUST_013222,MD
3791,CUST_014548,FL
3792,CUST_014587,FL
3793,CUST_011979,MO
3794,CUST_014890,MD
3795,CUST_013685,IL
3796,CUST_012745,WA
3797,CUST_010961,UT
3798,CUST_011898,MN
3799,CUST_014212,TN
3800,CUST_010095,TX
3801,CUST_011009,OK
3802,CUST_011955,LA
3803,CUST_011065,OK
3804,CUST_010492,MD
3805,CUST_011130,MA
3806,CUST_010760,MI
3807,CUST_014376,IL
3808,CUST_014333,OK
3809,CUST_012895,VA
3810,CUST_010697,MI
3811,CUST_010575,SC
3812,CUST_013247,CT
3813,CUST_014901,PA
3814,CUST_012775,TN
3815,CUST_011179,NY
3816,CUST_012291,VA
3817,CUST_013998,CO
3818,CUST_012487,GA
3819,CUST_011023,FL
3820,CUST_010814,NC
3821,CUST_014508,MD
3822,CUST_013326,MO
3823,CUST_012862,CO
3824,CUST_013006,OH
3825,CUST_012123,IL
3826,CUST_014085,MD
3827,CUST_011529,OR
3828,CUST_014522,SC
3829,CUST_010037,UT
3830,CUST_012533,MI
3831,CUST_010635,OR
3832,CUST_011014,FL
3833,CUST_012804,MN
3834,CUST_013010,NC
3835,CUST_011229,GA
3836,CUST_011479,NJ
3837,CUST_012874,VA
3838,CUST_014004,MA
3839,CUST_014657,MO
3840,CUST_013566,PA
3841,CUST_011551,UT
3842,CUST_012805,CO
3843,CUST_010171,MI
3844,CUST_010036,MI
3845,CUST_010579,PA
3846,CUST_014656,AL
3847,CUST_011601,AZ
3848,CUST_014201,NY
3849,CUST_012392,IL
3850,CUST_012567,FL
3851,CUST_011454,OH
3852,CUST_013511,SC
3853,CUST_010674,TX
3854,CUST_011773,NJ
3855,CUST_014842,MI
3856,CUST_011997,NJ
3857,CUST_011706,PA
3858,CUST_013327,AZ
3859,CUST_010404,IN
3860,CUST_014820,UT
3861,CUST_014344,PA
3862,CUST_014565,CO
3863,CUST_012942,MI
3864,CUST_010446,MI
3865,CUST_010879,FL
3866,CUST_013993,OK
3867,CUST_012087,KY
3868,CUST_013103,MD
3869,CUST_013318,IN
3870,CUST_013281,NC
3871,CUST_013397,MI
3872,CUST_014508,NJ
3873,CUST_014127,LA
3874,CUST_011968,TN
3875,CUST_014356,PA
3876,CUST_011794,AL
3877,CUST_013133,MN
3878,CUST_013042,CO
3879,CUST_013090,SC
3880,CUST_013190,VA
3881,CUST_012720,MD
3882,CUST_011171,PA
3883,CUST_013336,IL
3884,CUST_013176,CT
3885,CUST_011671,IL
3886,CUST_012259,IL
3887,CUST_010863,TN
3888,CUST_012911,WI
3889,CUST_013808,AZ
3890,CUST_014447,IL
3891,CUST_012372,MD
3892,CUST_013949,PA
3893,CUST_014905,MA
3894,CUST_011957,WI
3895,CUST_014159,WA
3896,CUST_011009,TN
3897,CUST_013041,MI
3898,CUST_011834,TN
3899,CUST_011542,OK
3900,CUST_013488,MI
3901,CUST_011420,IL
3902,CUST_014950,NJ
3903,CUST_012585,MN
3904,CUST_013130,NJ
3905,CUST_014766,CA
3906,CUST_014701,MA
3907,CUST_011240,PA
3908,CUST_011716,NC
3909,CUST_012459,VA
3910,CUST_010128,CA
3911,CUST_011669,IL
3912,CUST_010500,AZ
3913,CUST_014736,TX
3914,CUST_011019,SC
3915,CUST_013807,NY
3916,CUST_010971,WI
3917,CUST_014532,LA
3918,CUST_013897,VA
3919,CUST_012064,AZ
3920,CUST_010322,OH
3921,CUST_014728,MN
3922,CUST_013674,SC
3923,CUST_014078,GA
3924,CUST_014099,OK
3925,CUST_012119,GA
3926,CUST_013165,LA
3927,CUST_012069,SC
3928,CUST_012898,GA
3929,CUST_012882,MN
3930,CUST_013752,UT
3931,CUST_010082,MN
3932,CUST_010218,MO
3933,CUST_012531,FL
3934,CUST_014672,FL
3935,CUST_012976,WA
3936,CUST_010835,CO
3937,CUST_012879,NY
3938,CUST_012536,GA
3939,CUST_014088,IL
3940,CUST_011165,IL
3941,CUST_010363,LA
3942,CUST_014376,SC
3943,CUST_013936,TN
3944,CUST_014654,WI
3945,CUST_013090,MA
3946,CUST_013049,VA
3947,CUST_013039,SC
3948,CUST_013045,IN
3949,CUST_010790,TN
3950,CUST_010767,CO
3951,CUST_012491,MD
3952,CUST_010396,OK
3953,CUST_010289,OR
3954,CUST_014449,OK
3955,CUST_013761,MN
3956,CUST_013314,MI
3957,CUST_014724,SC
3958,CUST_010847,IL
3959,CUST_012232,MA
3960,CUST_014649,WI
3961,CUST_014739,NJ
3962,CUST_010706,FL
3963,CUST_012571,OK
3964,CUST_014490,OR
3965,CUST_011174,AL
3966,CUST_011883,MI
3967,CUST_010143,IL
3968,CUST_013728,CA
3969,CUST_011831,AL
3970,CUST_010232,AL
3971,CUST_011394,UT
3972,CUST_011637,MA
3973,CUST_014187,OK
3974,CUST_013461,SC
3975,CUST_011841,CO
3976,CUST_011236,CA
3977,CUST_013104,AL
3978,CUST_012023,LA
3979,CUST_012623,KY
3980,CUST_014188,AZ
3981,CUST_011154,MO
3982,CUST_011297,MA
3983,CUST_013285,KY
3984,CUST_014289,VA
3985,CUST_014875,SC
3986,CUST_010103,PA
3987,CUST_013169,IL
3988,CUST_013741,IL
3989,CUST_012273,OH
3990,CUST_011126,OH
3991,CUST_010030,LA
3992,CUST_012038,MO
3993,CUST_012886,VA
3994,CUST_013307,LA
3995,CUST_011910,UT
3996,CUST_011268,FL
3997,CUST_010240,OH
3998,CUST_010261,IN
3999,CUST_010747,TN
4000,CUST_014946,GA
4001,CUST_014592,OK
4002,CUST_010262,MN
4003,CUST_011957,NJ
4004,CUST_013090,FL
4005,CUST_013903,WI
4006,CUST_012114,IL
4007,CUST_014261,TN
4008,CUST_012642,MN
4009,CUST_010065,FL
4010,CUST_012686,IN
4011,CUST_014694,NY
4012,CUST_011682,OR
4013,CUST_014874,VA
4014,CUST_011386,WI
4015,CUST_013022,MI
4016,CUST_010042,FL
4017,CUST_014421,NJ
4018,CUST_010117,GA
4019,CUST_012321,WI
4020,CUST_012449,GA
4021,CUST_010088,CT
4022,CUST_013844,KY
4023,CUST_011791,UT
4024,CUST_013517,MI
4025,CUST_011307,OR
4026,CUST_014952,OR
4027,CUST_013895,LA
4028,CUST_014222,AZ
4029,CUST_012280,MI
4030,CUST_011237,CT
4031,CUST_013969,WI
4032,CUST_014613,LA
4033,CUST_010243,SC
4034,CUST_014876,MI
4035,CUST_013041,MA
4036,CUST_011529,AZ
4037,CUST_012275,IL
4038,CUST_010178,WA
4039,CUST_011368,TX
4040,CUST_012758,UT
4041,CUST_011051,MN
4042,CUST_011998,WA
4043,CUST_012963,MN
4044,CUST_014235,VA
4045,CUST_012004,MI
4046,CUST_011393,OK
4047,CUST_014739,TN
4048,CUST_012613,CT
4049,CUST_012158,CO
4050,CUST_010812,OH
4051,CUST_011382,WA
4052,CUST_014151,LA
4053,CUST_014933,LA
4054,CUST_013943,OR
4055,CUST_013213,TX
4056,CUST_012028,MI
4057,CUST_014118,MN
4058,CUST_012622,AZ
4059,CUST_013558,CT
4060,CUST_011190,CO
4061,CUST_014653,LA
4062,CUST_013730,CA
4063,CUST_010274,UT
4064,CUST_011988,MO
4065,CUST_011136,MI
4066,CUST_013771,IL
4067,CUST_011139,MA
4068,CUST_013315,CT
4069,CUST_010696,OR
4070,CUST_013742,MA
4071,CUST_014400,WA
4072,CUST_014166,CT
4073,CUST_011555,LA
4074,CUST_010689,FL
4075,CUST_010852,MO
4076,CUST_013751,UT
4077,CUST_013125,CO
4078,CUST_012091,WI
4079,CUST_011734,NC
4080,CUST_012386,OR
4081,CUST_011599,OH
4082,CUST_012585,IL
4083,CUST_014663,VA
4084,CUST_014758,NY
4085,CUST_011683,TX
4086,CUST_013191,WA
4087,CUST_011483,OR
4088,CUST_012942,TX
4089,CUST_011116,MA
4090,CUST_013492,LA
4091,CUST_012161,MA
4092,CUST_010329,LA
4093,CUST_014490,OK
4094,CUST_011743,AL
4095,CUST_014848,WI
4096,CUST_012088,AL
4097,CUST_013465,CO
4098,CUST_012152,OR
4099,CUST_010519,IN
4100,CUST_013828,MN
4101,CUST_011122,NC
4102,CUST_010164,IL
4103,CUST_013322,SC
4104,CUST_013775,FL
4105,CUST_013289,LA
4106,CUST_011972,CT
4107,CUST_014125,WI
4108,CUST_013216,MA
4109,CUST_010093,MI
4110,CUST_013320,SC
4111,CUST_014465,MD
4112,CUST_012512,SC
4113,CUST_010549,SC
4114,CUST_014793,WA
4115,CUST_010783,KY
4116,CUST_013848,WA
4117,CUST_014197,KY
4118,CUST_014881,TN
4119,CUST_014944,SC
4120,CUST_010180,SC
4121,CUST_013204,TX
4122,CUST_011478,WI
4123,CUST_011707,OH
4124,CUST_011582,MI
4125,CUST_014073,MO
4126,CUST_012940,MD
4127,CUST_012582,CT
4128,CUST_012758,AL
4129,CUST_014046,TN
4130,CUST_013080,MO
4131,CUST_014424,AZ
4132,CUST_012788,PA
4133,CUST_010635,NC
4134,CUST_012557,MI
4135,CUST_013683,OH
4136,CUST_014347,NY
4137,CUST_014768,MN
4138,CUST_014156,GA
4139,CUST_012773,WA
4140,CUST_014207,NC
4141,CUST_013525,TN
4142,CUST_010554,IN
4143,CUST_011756,CO
4144,CUST_011052,IN
4145,CUST_014496,MA
4146,CUST_012452,SC
4147,CUST_014686,SC
4148,CUST_013742,LA
4149,CUST_012210,MA
4150,CUST_014062,PA
4151,CUST_014529,MI
4152,CUST_014369,MN
4153,CUST_010782,KY
4154,CUST_014490,IN
4155,CUST_011536,TX
4156,CUST_012460,IL
4157,CUST_010562,CT
4158,CUST_014011,NJ
4159,CUST_013459,MA
4160,CUST_013762,NC
4161,CUST_014650,LA
4162,CUST_010309,FL
4163,CUST_010349,WI
4164,CUST_013179,MD
4165,CUST_014783,IN
4166,CUST_010219,LA
4167,CUST_013479,TN
4168,CUST_013971,IN
4169,CUST_013658,TX
4170,CUST_011327,OR
4171,CUST_013213,NY
4172,CUST_012731,WI
4173,CUST_010571,WA
4174,CUST_013410,TN
4175,CUST_014672,NY
4176,CUST_011762,MD
4177,CUST_010725,VA
4178,CUST_011848,WI
4179,CUST_011189,AL
4180,CUST_011910,WA
4181,CUST_014943,OR
4182,CUST_013834,NY
4183,CUST_014940,NC
4184,CUST_012605,TX
4185,CUST_011777,OK
4186,CUST_011363,AL
4187,CUST_014252,MD
4188,CUST_013109,MD
4189,CUST_012509,MD
4190,CUST_012744,CT
4191,CUST_013514,VA
4192,CUST_011808,WA
4193,CUST_012900,WI
4194,CUST_011286,FL
4195,CUST_013264,NJ
4196,CUST_011268,MA
4197,CUST_013778,NJ
4198,CUST_014270,IN
4199,CUST_011361,OH
4200,CUST_014374,CO
4201,CUST_011015,VA
4202,CUST_014970,MA
4203,CUST_014478,IL
4204,CUST_010210,OH
4205,CUST_012906,MD
4206,CUST_014834,GA
4207,CUST_011068,CO
4208,CUST_014817,NJ
4209,CUST_012737,TX
4210,CUST_012934,IN
4211,CUST_012818,UT
4212,CUST_013661,MD
4213,CUST_010950,TN
4214,CUST_012806,NC
4215,CUST_014300,AZ
4216,CUST_013798,MD
4217,CUST_013271,MD
4218,CUST_014426,SC
4219,CUST_010266,VA
4220,CUST_011146,CT
4221,CUST_014333,OH
4222,CUST_010493,VA
4223,CUST_010402,LA
4224,CUST_011226,WI
4225,CUST_013788,SC
4226,CUST_014606,SC
4227,CUST_012087,WA
4228,CUST_012187,GA
4229,CUST_013893,KY
4230,CUST_011352,NJ
4231,CUST_014752,MA
4232,CUST_010552,SC
4233,CUST_012787,OK
4234,CUST_011886,WI
4235,CUST_014709,CT
4236,CUST_010107,CO
4237,CUST_012340,MO
4238,CUST_013979,LA
4239,CUST_014006,IN
4240,CUST_010616,IN
4241,CUST_011170,FL
4242,CUST_010870,MN
4243,CUST_010343,AL
4244,CUST_011586,MA
4245,CUST_014943,OK
4246,CUST_014687,WA
4247,CUST_014159,IL
4248,CUST_014496,MI
4249,CUST_010213,LA
4250,CUST_012650,WA
4251,CUST_010017,AZ
4252,CUST_014149,OK
4253,CUST_010585,GA
4254,CUST_014240,TN
4255,CUST_010656,WA
4256,CUST_013815,NJ
4257,CUST_013089,PA
4258,CUST_013966,KY
4259,CUST_014620,FL
4260,CUST_014110,OH
4261,CUST_014639,KY
4262,CUST_012166,MI
4263,CUST_011644,NY
4264,CUST_010934,OR
4265,CUST_014242,TX
4266,CUST_014081,CT
4267,CUST_011584,FL
4268,CUST_014842,TX
4269,CUST_014429,WI
4270,CUST_010171,MO
4271,CUST_010867,AL
4272,CUST_011263,NJ
4273,CUST_011272,WA
4274,CUST_013204,CT
4275,CUST_012133,AZ
4276,CUST_012280,LA
4277,CUST_011675,NC
4278,CUST_014036,VA
4279,CUST_010582,IL
4280,CUST_014555,IN
4281,CUST_013268,IN
4282,CUST_012408,GA
4283,CUST_013976,KY
4284,CUST_014365,OH
4285,CUST_013706,MI
4286,CUST_011898,GA
4287,CUST_013067,MN
4288,CUST_012495,NJ
4289,CUST_010013,IL
4290,CUST_013150,NC
4291,CUST_010910,OH
4292,CUST_010840,GA
4293,CUST_014661,OR
4294,CUST_014170,UT
4295,CUST_012866,NY
4296,CUST_012388,FL
4297,CUST_012213,OR
4298,CUST_011937,NY
4299,CUST_013265,OK
4300,CUST_014739,OR
4301,CUST_011115,UT
4302,CUST_012739,TX
4303,CUST_011752,IL
4304,CUST_011292,NC
4305,CUST_013653,OH
4306,CUST_011204,CO
4307,CUST_011170,MI
4308,CUST_011930,MN
4309,CUST_013813,CO
4310,CUST_011179,TX
4311,CUST_011790,CO
4312,CUST_011577,IN
4313,CUST_010144,TX
4314,CUST_010195,OR
4315,CUST_014938,CA
4316,CUST_014805,OK
4317,CUST_011307,NJ
4318,CUST_014995,AL
4319,CUST_014051,MI
4320,CUST_010922,MI
4321,CUST_014828,MI
4322,CUST_010350,OR
4323,CUST_011183,VA
4324,CUST_010593,PA
4325,CUST_011558,FL
4326,CUST_012564,WA
4327,CUST_012017,MD
4328,CUST_011169,TX
4329,CUST_014381,VA
4330,CUST_012526,MN
4331,CUST_013087,OR
4332,CUST_010839,UT
4333,CUST_014992,GA
4334,CUST_012801,WA
4335,CUST_011706,IL
4336,CUST_012124,MO
4337,CUST_013636,CT
4338,CUST_013686,IL
4339,CUST_010053,NJ
4340,CUST_012498,CA
4341,CUST_012471,TN
4342,CUST_014460,VA
4343,CUST_013447,OR
4344,CUST_011967,LA
4345,CUST_011718,UT
4346,CUST_014084,MO
4347,CUST_012773,PA
4348,CUST_013307,CA
4349,CUST_013230,WA
4350,CUST_011610,OH
4351,CUST_011428,AZ
4352,CUST_012109,OR
4353,CUST_010796,MA
4354,CUST_010061,MO
4355,CUST_010799,OH
4356,CUST_012648,TN
4357,CUST_011178,NY
4358,CUST_011273,OR
4359,CUST_012162,MO
4360,CUST_012084,NY
4361,CUST_012284,MA
4362,CUST_012512,OR
4363,CUST_014841,MA
4364,CUST_011104,IL
4365,CUST_014844,PA
4366,CUST_012401,MA
4367,CUST_014655,WA
4368,CUST_010860,MN
4369,CUST_010225,OK
4370,CUST_014478,UT
4371,CUST_014693,MD
4372,CUST_013623,VA
4373,CUST_013116,TN
4374,CUST_010019,MI
4375,CUST_010935,MA
4376,CUST_010076,WI
4377,CUST_011448,MI
4378,CUST_014648,NJ
4379,CUST_012961,MN
4380,CUST_013826,MO
4381,CUST_013764,TN
4382,CUST_015000,KY
4383,CUST_010453,OK
4384,CUST_014531,MN
4385,CUST_014737,LA
4386,CUST_013135,AZ
4387,CUST_011173,LA
4388,CUST_011615,FL
4389,CUST_012561,MD
4390,CUST_013584,UT
4391,CUST_010094,IN
4392,CUST_014805,MI
4393,CUST_012021,MD
4394,CUST_011802,TN
4395,CUST_011417,MO
4396,CUST_011985,OK
4397,CUST_014908,CA
4398,CUST_014930,GA
4399,CUST_014136,PA
4400,CUST_010688,MO
4401,CUST_011199,AL
4402,CUST_012439,AL
4403,CUST_010895,WA
4404,CUST_010578,KY
4405,CUST_012026,GA
4406,CUST_010905,SC
4407,CUST_011944,CT
4408,CUST_014641,CT
4409,CUST_014737,PA
4410,CUST_013147,MD
4411,CUST_010089,NY
4412,CUST_011415,MA
4413,CUST_014665,IN
4414,CUST_011653,MD
4415,CUST_010571,PA
4416,CUST_011345,NY
4417,CUST_010621,MN
4418,CUST_012534,MO
4419,CUST_011902,AZ
4420,CUST_013095,CT
4421,CUST_010031,WI
4422,CUST_012250,WA
4423,CUST_013579,SC
4424,CUST_011810,AL
4425,CUST_014613,SC
4426,CUST_011128,FL
4427,CUST_011642,MN
4428,CUST_014624,KY
4429,CUST_012400,MI
4430,CUST_012699,PA
4431,CUST_014151,OR
4432,CUST_014913,OH
4433,CUST_014517,IN
4434,CUST_011436,OK
4435,CUST_013447,GA
4436,CUST_012877,OR
4437,CUST_014008,MD
4438,CUST_014042,GA
4439,CUST_014509,AZ
4440,CUST_011110,CT
4441,CUST_012044,CT
4442,CUST_013633,CO
4443,CUST_012198,MA
4444,CUST_011909,CA
4445,CUST_013632,AL
4446,CUST_012704,SC
4447,CUST_014528,LA
4448,CUST_013411,OR
4449,CUST_010492,CA
4450,CUST_011223,MD
4451,CUST_012319,SC
4452,CUST_010893,CO
4453,CUST_014476,MA
4454,CUST_013396,LA
4455,CUST_012923,VA
4456,CUST_014510,MA
4457,CUST_014285,LA
4458,CUST_010523,NC
4459,CUST_013499,VA
4460,CUST_014530,NC
4461,CUST_013562,IL
4462,CUST_011005,MD
4463,CUST_010283,MD
4464,CUST_010757,MD
4465,CUST_014948,NY
4466,CUST_013638,PA
4467,CUST_014411,KY
4468,CUST_011934,MD
4469,CUST_010443,NC
4470,CUST_012176,IN
4471,CUST_012000,KY
4472,CUST_011620,OK
4473,CUST_013237,IL
4474,CUST_011440,PA
4475,CUST_012273,KY
4476,CUST_011639,MI
4477,CUST_010541,CO
4478,CUST_013566,CA
4479,CUST_010811,FL
4480,CUST_014576,FL
4481,CUST_013458,PA
4482,CUST_010719,CA
4483,CUST_011833,MA
4484,CUST_011859,MO
4485,CUST_013608,GA
4486,CUST_012195,WI
4487,CUST_010963,SC
4488,CUST_011959,MI
4489,CUST_014784,OH
4490,CUST_010016,SC
4491,CUST_011837,CA
4492,CUST_013723,GA
4493,CUST_010705,TN
4494,CUST_012170,KY
4495,CUST_010473,TX
4496,CUST_010692,NC
4497,CUST_011391,LA
4498,CUST_013698,AZ
4499,CUST_010733,AL
4500,CUST_014545,MA
4501,CUST_014204,MO
4502,CUST_013283,CO
4503,CUST_012155,NC
4504,CUST_011129,UT
4505,CUST_013173,IL
4506,CUST_014389,NY
4507,CUST_013127,GA
4508,CUST_014075,TX
4509,CUST_010661,WA
4510,CUST_012815,MN
4511,CUST_011591,OR
4512,CUST_012503,GA
4513,CUST_012144,LA
4514,CUST_010541,VA
4515,CUST_012284,AL
4516,CUST_010691,AL
4517,CUST_010392,VA
4518,CUST_010831,PA
4519,CUST_012542,WI
4520,CUST_014625,NJ
4521,CUST_014222,CA
4522,CUST_010209,AZ
4523,CUST_014346,MN
4524,CUST_011858,CO
4525,CUST_010932,AZ
4526,CUST_011763,NJ
4527,CUST_013219,MN
4528,CUST_010694,NC
4529,CUST_013392,NJ
4530,CUST_010911,IL
4531,CUST_012765,VA
4532,CUST_014759,NJ
4533,CUST_013988,CO
4534,CUST_013435,UT
4535,CUST_010007,FL
4536,CUST_014964,MN
4537,CUST_010356,CA
4538,CUST_010692,VA
4539,CUST_012404,TN
4540,CUST_011986,FL
4541,CUST_014636,TX
4542,CUST_014561,AZ
4543,CUST_013753,PA
4544,CUST_013959,MO
4545,CUST_011401,MA
4546,CUST_014053,PA
4547,CUST_011284,MA
4548,CUST_014159,CO
4549,CUST_010429,VA
4550,CUST_014366,WI
4551,CUST_010970,TN
4552,CUST_011818,UT
4553,CUST_014573,GA
4554,CUST_014991,MI
4555,CUST_013950,TX
4556,CUST_010328,NJ
4557,CUST_010627,MN
4558,CUST_013557,WA
4559,CUST_010153,WI
4560,CUST_010393,NY
4561,CUST_014553,MI
4562,CUST_013448,WI
4563,CUST_014836,MI
4564,CUST_010337,TX
4565,CUST_014165,WA
4566,CUST_010812,PA
4567,CUST_011207,WA
4568,CUST_014190,CT
4569,CUST_011785,SC
4570,CUST_010660,OH
4571,CUST_012223,OK
4572,CUST_012701,KY
4573,CUST_012853,TN
4574,CUST_014716,NJ
4575,CUST_012850,LA
4576,CUST_012221,CT
4577,CUST_010574,OK
4578,CUST_010792,AZ
4579,CUST_014573,FL
4580,CUST_012431,FL
4581,CUST_014113,PA
4582,CUST_010060,IN
4583,CUST_012561,TN
4584,CUST_013979,AL
4585,CUST_013970,IL
4586,CUST_010226,FL
4587,CUST_012605,WI
4588,CUST_012027,KY
4589,CUST_012092,IL
4590,CUST_010427,AZ
4591,CUST_010707,IL
4592,CUST_010065,CT
4593,CUST_014675,CT
4594,CUST_012252,AZ
4595,CUST_011239,NY
4596,CUST_013050,CO
4597,CUST_012619,MO
4598,CUST_012019,NY
4599,CUST_011241,IL
4600,CUST_010191,AZ
4601,CUST_014553,FL
4602,CUST_014186,MN
4603,CUST_011548,TN
4604,CUST_013880,NC
4605,CUST_013284,UT
4606,CUST_013293,NY
4607,CUST_014223,MD
4608,CUST_013215,NY
4609,CUST_012150,WA
4610,CUST_014915,AL
4611,CUST_010658,AZ
4612,CUST_013902,MO
4613,CUST_012669,CT
4614,CUST_011007,OR
4615,CUST_011047,FL
4616,CUST_010200,MA
4617,CUST_011630,OR
4618,CUST_013898,IL
4619,CUST_010105,PA
4620,CUST_013373,CA
4621,CUST_013234,MD
4622,CUST_014890,WA
4623,CUST_010740,WA
4624,CUST_010781,GA
4625,CUST_010456,MD
4626,CUST_014980,LA
4627,CUST_013614,NC
4628,CUST_011011,CT
4629,CUST_013761,MD
4630,CUST_014202,CT
4631,CUST_011322,SC
4632,CUST_012769,TN
4633,CUST_014635,FL
4634,CUST_014693,AL
4635,CUST_011925,TX
4636,CUST_011393,MN
4637,CUST_013717,OH
4638,CUST_011414,MN
4639,CUST_013191,AL
4640,CUST_014964,WA
4641,CUST_011749,CO
4642,CUST_010444,WA
4643,CUST_011681,NJ
4644,CUST_012692,CT
4645,CUST_013340,NC
4646,CUST_014217,VA
4647,CUST_014833,GA
4648,CUST_013142,UT
4649,CUST_010931,CA
4650,CUST_010408,AZ
4651,CUST_010714,CO
4652,CUST_014661,MO
4653,CUST_014618,MA
4654,CUST_011611,OR
4655,CUST_012411,CT
4656,CUST_012700,LA
4657,CUST_010290,CA
4658,CUST_014934,MI
4659,CUST_010840,AZ
4660,CUST_013188,AL
4661,CUST_012925,TX
4662,CUST_013106,MI
4663,CUST_011845,IN
4664,CUST_012459,UT
4665,CUST_012667,WA
4666,CUST_014081,MN
4667,CUST_012054,PA
4668,CUST_011346,CA
4669,CUST_011485,OH
4670,CUST_013184,CO
4671,CUST_013571,LA
4672,CUST_012324,OH
4673,CUST_013005,MD
4674,CUST_013373,MI
4675,CUST_012258,KY
4676,CUST_011522,NY
4677,CUST_013996,OH
4678,CUST_014418,UT
4679,CUST_011015,WI
4680,CUST_011631,MN
4681,CUST_010855,MN
4682,CUST_010895,NY
4683,CUST_012102,MO
4684,CUST_012608,IL
4685,CUST_011685,UT
4686,CUST_014993,LA
4687,CUST_010044,AL
4688,CUST_013682,TX
4689,CUST_010684,CT
4690,CUST_014025,MA
4691,CUST_014590,MD
4692,CUST_011743,OK
4693,CUST_010485,IN
4694,CUST_011653,FL
4695,CUST_014453,OK
4696,CUST_012938,MA
4697,CUST_014158,OK
4698,CUST_014327,IL
4699,CUST_013866,WI
4700,CUST_012353,TX
4701,CUST_010599,CT
4702,CUST_010640,TX
4703,CUST_012545,WI
4704,CUST_011917,SC
4705,CUST_010188,IL
4706,CUST_010139,GA
4707,CUST_011747,OR
4708,CUST_011800,TX
4709,CUST_014815,MA
4710,CUST_012224,MO
4711,CUST_011697,TX
4712,CUST_013232,IL
4713,CUST_012541,NY
4714,CUST_011435,IL
4715,CUST_012626,OH
4716,CUST_012053,IL
4717,CUST_012876,TN
4718,CUST_014088,IN
4719,CUST_010036,NY
4720,CUST_013488,NJ
4721,CUST_014028,NJ
4722,CUST_013322,CO
4723,CUST_011346,PA
4724,CUST_014505,TN
4725,CUST_011892,LA
4726,CUST_012190,CA
4727,CUST_014387,FL
4728,CUST_014411,AZ
4729,CUST_012035,OK
4730,CUST_013257,AZ
4731,CUST_014025,AZ
4732,CUST_013746,SC
4733,CUST_012840,TX
4734,CUST_011167,PA
4735,CUST_011141,VA
4736,CUST_013343,MA
4737,CUST_014014,LA
4738,CUST_011147,VA
4739,CUST_012060,OH
4740,CUST_011295,SC
4741,CUST_012388,KY
4742,CUST_013770,NY
4743,CUST_010484,OK
4744,CUST_010238,WI
4745,CUST_010285,OR
4746,CUST_014418,MN
4747,CUST_010178,MD
4748,CUST_011270,NJ
4749,CUST_013383,WI
4750,CUST_010448,WA
4751,CUST_012335,WI
4752,CUST_013881,GA
4753,CUST_014469,OK
4754,CUST_013481,TN
4755,CUST_010208,OR
4756,CUST_010043,LA
4757,CUST_014065,KY
4758,CUST_012072,WA
4759,CUST_010633,CO
4760,CUST_010946,VA
4761,CUST_011051,UT
4762,CUST_012387,PA
4763,CUST_012965,AZ
4764,CUST_014054,VA
4765,CUST_010190,MN
4766,CUST_012946,MA
4767,CUST_010102,MI
4768,CUST_011276,KY
4769,CUST_014319,NY
4770,CUST_012340,OK
4771,CUST_011990,NC
4772,CUST_012505,VA
4773,CUST_010196,IL
4774,CUST_013059,WI
4775,CUST_011395,WA
4776,CUST_012172,AZ
4777,CUST_011706,KY
4778,CUST_011279,NC
4779,CUST_013138,AZ
4780,CUST_013410,PA
4781,CUST_014604,MD
4782,CUST_012621,AL
4783,CUST_012131,SC
4784,CUST_010203,MA
4785,CUST_011816,KY
4786,CUST_011000,IN
4787,CUST_013126,TN
4788,CUST_013898,NJ
4789,CUST_010076,IL
4790,CUST_012063,AL
4791,CUST_011051,GA
4792,CUST_013714,IL
4793,CUST_011720,MD
4794,CUST_014028,MI
4795,CUST_010343,GA
4796,CUST_010299,IN
4797,CUST_012270,MA
4798,CUST_010961,CA
4799,CUST_014129,IN
4800,CUST_011042,OH
4801,CUST_012125,FL
4802,CUST_011593,PA
4803,CUST_011386,OK
4804,CUST_013297,AZ
4805,CUST_011317,OR
4806,CUST_014626,PA
4807,CUST_012988,TX
4808,CUST_013590,TX
4809,CUST_012962,FL
4810,CUST_014362,OH
4811,CUST_010547,AZ
4812,CUST_013560,OH
4813,CUST_013513,OK
4814,CUST_014982,SC
4815,CUST_014473,UT
4816,CUST_012613,VA
4817,CUST_011061,WI
4818,CUST_012713,MD
4819,CUST_012579,MD
4820,CUST_014321,NJ
4821,CUST_011807,WI
4822,CUST_014209,GA
4823,CUST_012040,MO
4824,CUST_011577,OR
4825,CUST_014612,MD
4826,CUST_013070,TN
4827,CUST_011133,NC
4828,CUST_012301,VA
4829,CUST_012492,TN
4830,CUST_013422,NJ
4831,CUST_014642,NC
4832,CUST_012290,MN
4833,CUST_011879,CT
4834,CUST_013804,PA
4835,CUST_014962,AL
4836,CUST_014662,AL
4837,CUST_011608,CO
4838,CUST_011844,OK
4839,CUST_011599,NJ
4840,CUST_011204,CT
4841,CUST_012141,IN
4842,CUST_014703,TN
4843,CUST_012101,MI
4844,CUST_010845,OH
4845,CUST_012724,NC
4846,CUST_012062,WA
4847,CUST_011163,MA
4848,CUST_012946,FL
4849,CUST_013278,NY
4850,CUST_010435,AL
4851,CUST_012330,CA
4852,CUST_014753,CT
4853,CUST_014893,AZ
4854,CUST_011016,NJ
4855,CUST_012239,IL
4856,CUST_012646,MA
4857,CUST_014222,FL
4858,CUST_011326,MA
4859,CUST_014451,IN
4860,CUST_013427,PA
4861,CUST_011839,OK
4862,CUST_014578,NJ
4863,CUST_011799,TX
4864,CUST_010495,NJ
4865,CUST_012417,MN
4866,CUST_010834,CA
4867,CUST_011467,SC
4868,CUST_012953,MA
4869,CUST_013262,WI
4870,CUST_010480,TN
4871,CUST_010511,NJ
4872,CUST_013366,OH
4873,CUST_013875,CO
4874,CUST_011362,GA
4875,CUST_011867,AZ
4876,CUST_013159,IN
4877,CUST_010438,PA
4878,CUST_012464,AZ
4879,CUST_013767,IN
4880,CUST_013033,SC
4881,CUST_011417,FL
4882,CUST_014608,VA
4883,CUST_014292,IL
4884,CUST_013252,IN
4885,CUST_010971,AL
4886,CUST_014158,KY
4887,CUST_010727,CA
4888,CUST_011876,OR
4889,CUST_013875,CT
4890,CUST_014175,SC
4891,CUST_010045,NY
4892,CUST_011411,PA
4893,CUST_013583,NJ
4894,CUST_012593,CA
4895,CUST_012479,VA
4896,CUST_013405,MD
4897,CUST_010988,FL
4898,CUST_013582,IL
4899,CUST_011087,SC
4900,CUST_012641,MD
4901,CUST_012571,NC
4902,CUST_012427,OK
4903,CUST_010775,AL
4904,CUST_014603,KY
4905,CUST_010923,AZ
4906,CUST_014544,OK
4907,CUST_011167,GA
4908,CUST_012276,TN
4909,CUST_010639,WI
4910,CUST_013113,NY
4911,CUST_011318,IL
4912,CUST_013821,AZ
4913,CUST_014510,AZ
4914,CUST_012155,MA
4915,CUST_011940,MO
4916,CUST_011815,OR
4917,CUST_012630,IL
4918,CUST_012265,OH
4919,CUST_014902,TX
4920,CUST_013347,CT
4921,CUST_011978,OR
4922,CUST_012600,PA
4923,CUST_014386,MO
4924,CUST_014231,KY
4925,CUST_014416,MN
4926,CUST_014307,NJ
4927,CUST_011263,AL
