Price,Discount,Revenue
419.19,0.0,419.19
222.37,0.09,202.3567
1107.65,0.0,6645.9
288.84,0.0,1444.2
191.27,0.0,191.27
200.47,0.37,505.1844
115.09,0.08,529.414
118.51,0.0,118.51
30.23,0.0,60.46
285.41,0.0,285.41
27.53,0.0,27.53
16.59,0.0,16.59
1417.28,0.0,5669.12
262.59,0.27,191.6907
204.56,0.0,204.56
1884.25,0.41,3335.1225
799.61,0.29,1135.4462
29.9,0.0,29.9
84.81,0.0,424.05
314.05,0.0,2198.35
694.07,0.0,694.07
253.74,0.0,253.74
610.83,0.0,3054.15
836.92,0.0,1673.84
352.35,0.0,704.7
222.19,0.0,222.19
1078.15,0.0,4312.6
425.3,0.0,850.6
11.25,0.0,11.25
452.26,0.0,452.26
10.24,0.34,6.7584
171.47,0.27,751.0386
68.52,0.0,205.56
401.38,0.19,325.1178
50.02,0.0,50.02
1895.22,0.35,1231.893
32.95,0.0,65.9
324.62,0.1,292.158
700.26,0.0,700.26
647.89,0.0,1943.67
145.43,0.18,119.2526
53.62,0.0,53.62
93.51,0.0,93.51
46.38,0.11,41.2782
221.45,0.1,597.915
30.98,0.0,30.98
188.5,0.0,377.0
120.87,0.0,604.35
590.56,0.0,1181.12
71.4,0.17,118.524
336.83,0.0,1347.32
1866.41,0.0,1866.41
208.49,0.0,833.96
11.54,0.0,11.54
247.54,0.0,247.54
179.63,0.0,179.63
34.7,0.0,69.4
609.24,0.0,1827.72
145.41,0.0,145.41
674.13,0.0,2022.39
231.16,0.0,1155.8
50.02,0.5,125.05
82.09,0.0,82.09
51.91,0.15,44.1235
141.25,0.0,141.25
321.69,0.0,643.38
125.66,0.0,879.62
76.23,0.0,228.69
26.4,0.1,23.76
269.82,0.0,539.64
443.33,0.0,1329.99
708.35,0.42,410.843
54.2,0.0,162.6
71.16,0.0,142.32
136.44,0.47,72.3132
33.2,0.0,33.2
299.13,0.0,1794.78
289.37,0.0,868.11
733.78,0.0,1467.56
38.28,0.0,38.28
293.59,0.0,587.18
259.53,0.13,451.5822
943.59,0.0,3774.36
299.73,0.0,899.19
543.2,0.0,543.2
221.34,0.08,203.6328
57.27,0.0,400.89
293.75,0.0,881.25
76.64,0.0,229.92
66.79,0.0,133.58
1911.4,0.0,3822.8
1126.07,0.0,2252.14
23.88,0.0,71.64
216.74,0.13,188.5638
453.83,0.18,1488.5624
86.08,0.0,172.16
418.65,0.0,837.3
59.33,0.0,237.32
64.23,0.0,321.15
57.43,0.0,57.43
91.1,0.0,182.2
250.87,0.0,752.61
142.62,0.14,245.3064
1915.83,0.0,7663.32
145.22,0.0,145.22
90.05,0.0,360.2
34.51,0.37,65.2239
40.5,0.09,36.855
226.58,0.09,412.3756
61.89,0.19,300.7854
670.24,0.0,1340.48
44.43,0.0,88.86
203.99,0.0,203.99
491.98,0.0,491.98
236.76,0.0,2130.84
247.1,0.0,247.1
26.08,0.0,26.08
138.94,0.0,138.94
51.04,0.0,51.04
153.92,0.0,615.68
223.41,0.07,415.5426
1375.31,0.0,1375.31
544.08,0.39,331.8888
126.47,0.0,505.88
279.77,0.42,324.5332
129.85,0.13,112.9695
115.39,0.06,108.4666
60.0,0.08,110.4
111.61,0.12,294.6504
135.71,0.2,108.568
379.56,0.35,246.714
1060.74,0.0,1060.74
752.01,0.0,1504.02
1494.76,0.07,1390.1268
719.46,0.0,719.46
464.0,0.0,464.0
1604.97,0.06,1508.6718
187.15,0.0,187.15
36.23,0.0,72.46
15.64,0.48,8.1328
31.09,0.0,62.18
38.24,0.0,229.44
29.48,0.42,85.492
12.93,0.0,12.93
49.8,0.07,46.314
9.14,0.0,9.14
597.17,0.14,513.5662
51.75,0.0,155.25
55.75,0.0,55.75
690.9,0.27,1513.071
76.9,0.11,68.441
247.19,0.0,494.38
34.26,0.0,68.52
1191.9,0.17,989.277
493.77,0.0,493.77
146.64,0.0,293.28
46.03,0.19,111.8529
18.75,0.0,37.5
1738.01,0.0,3476.02
147.9,0.0,295.8
47.1,0.0,47.1
85.32,0.0,597.24
122.96,0.0,368.88
630.69,0.0,1261.38
129.51,0.0,259.02
52.84,0.18,43.3288
25.43,0.16,21.3612
38.2,0.0,38.2
150.9,0.0,452.7
26.98,0.0,80.94
459.05,0.29,325.9255
314.07,0.0,942.21
359.18,0.0,359.18
37.38,0.0,37.38
418.42,0.0,836.84
331.82,0.0,331.82
442.68,0.0,442.68
242.29,0.09,220.4839
55.12,0.16,185.2032
800.86,0.0,800.86
58.57,0.0,58.57
417.61,0.0,417.61
35.85,0.26,53.058
1811.38,0.0,5434.14
231.73,0.08,213.1916
38.69,0.0,38.69
143.1,0.0,143.1
506.35,0.0,1519.05
795.96,0.28,3438.5472
1407.15,0.46,3039.444
647.97,0.0,3887.82
24.33,0.33,16.3011
259.81,0.36,498.8352
355.48,0.09,646.9736
377.83,0.0,1133.49
1882.16,0.0,1882.16
20.65,0.0,123.9
764.77,0.0,764.77
15.07,0.0,90.42
1867.66,0.0,9338.3
300.09,0.0,600.18
141.16,0.3,296.436
38.23,0.0,114.69
232.93,0.0,931.72
17.08,0.14,29.3776
48.23,0.0,48.23
112.58,0.11,200.3924
89.88,0.13,234.5868
341.6,0.38,211.792
424.21,0.0,2121.05
553.77,0.0,4430.16
36.95,0.0,36.95
248.78,0.41,293.5604
304.3,0.0,608.6
794.78,0.0,1589.56
482.08,0.0,964.16
635.13,0.17,1054.3158
116.33,0.0,348.99
19.11,0.0,57.33
437.73,0.0,875.46
669.29,0.0,2007.87
393.94,0.0,787.88
354.19,0.0,354.19
900.29,0.17,2241.7221
160.21,0.05,304.399
17.41,0.0,17.41
79.45,0.0,79.45
342.39,0.36,219.1296
114.42,0.0,228.84
133.38,0.0,533.52
605.12,0.0,605.12
37.81,0.41,22.3079
60.74,0.0,303.7
30.73,0.19,24.8913
25.06,0.0,75.18
59.88,0.0,59.88
10.06,0.49,10.2612
21.23,0.0,84.92
1871.89,0.0,9359.45
279.75,0.15,237.7875
137.64,0.0,412.92
296.93,0.0,593.86
1218.64,0.0,2437.28
32.88,0.0,32.88
57.13,0.15,48.5605
199.9,0.27,1021.489
773.2,0.0,2319.6
239.41,0.0,478.82
77.91,0.0,77.91
282.12,0.45,155.166
263.41,0.0,263.41
490.72,0.0,981.44
70.92,0.0,496.44
257.14,0.0,514.28
272.1,0.0,1632.6
144.44,0.0,433.32
319.22,0.0,1915.32
42.7,0.06,80.276
56.03,0.0,56.03
473.75,0.0,947.5
535.84,0.0,535.84
36.89,0.36,70.8288
71.25,0.14,61.275
42.67,0.11,37.9763
1853.08,0.0,5559.24
886.44,0.0,1772.88
122.54,0.0,612.7
108.32,0.0,216.64
606.85,0.0,1820.55
768.63,0.0,2305.89
1535.16,0.0,4605.48
192.77,0.0,963.85
259.74,0.16,218.1816
254.01,0.29,360.6942
242.85,0.36,621.696
519.88,0.0,519.88
488.41,0.06,459.1054
109.85,0.33,147.199
152.9,0.0,152.9
145.9,0.0,291.8
1820.97,0.15,1547.8245
47.64,0.0,95.28
481.54,0.18,1184.5884
8.08,0.0,32.32
14.41,0.19,23.3442
302.55,0.0,302.55
158.22,0.0,316.44
113.44,0.0,226.88
33.44,0.0,200.64
195.45,0.0,195.45
645.87,0.13,561.9069
158.18,0.1,569.448
48.47,0.0,145.41
224.77,0.0,224.77
33.24,0.0,66.48
1495.19,0.0,1495.19
391.52,0.42,454.1632
82.43,0.0,164.86
392.99,0.0,1178.97
115.18,0.1,207.324
32.54,0.0,32.54
94.71,0.0,189.42
568.35,0.17,943.461
764.06,0.0,4584.36
1135.69,0.0,5678.45
11.33,0.0,67.98
100.38,0.0,200.76
10.78,0.0,10.78
424.33,0.0,848.66
599.8,0.0,599.8
124.97,0.0,124.97
796.53,0.0,3982.65
42.23,0.0,84.46
93.1,0.33,124.754
103.25,0.0,206.5
251.32,0.0,502.64
1640.85,0.0,1640.85
26.42,0.0,132.1
236.39,0.0,236.39
20.44,0.0,20.44
589.02,0.0,1178.04
482.6,0.0,482.6
31.97,0.16,26.8548
55.05,0.17,45.6915
248.69,0.0,1740.83
467.49,0.0,1402.47
31.95,0.0,31.95
42.95,0.08,39.514
285.92,0.25,643.32
101.09,0.0,303.27
1629.35,0.0,8146.75
8.24,0.13,28.6752
267.53,0.0,267.53
98.38,0.15,250.869
120.79,0.0,483.16
79.69,0.0,159.38
108.88,0.0,108.88
16.88,0.05,80.18
246.02,0.14,423.1544
54.55,0.0,163.65
506.45,0.0,1012.9
390.63,0.0,1171.89
54.58,0.34,36.0228
41.35,0.0,41.35
822.74,0.0,4936.44
29.93,0.0,29.93
783.25,0.0,783.25
666.21,0.0,1998.63
1271.21,0.0,5084.84
16.78,0.0,67.12
49.98,0.0,349.86
33.58,0.0,33.58
1355.07,0.0,5420.28
22.43,0.0,22.43
26.43,0.08,194.5248
1781.24,0.0,3562.48
551.57,0.0,551.57
463.28,0.0,1389.84
202.0,0.0,606.0
277.36,0.0,832.08
470.76,0.13,409.5612
250.54,0.0,250.54
456.52,0.0,913.04
471.92,0.0,471.92
1996.92,0.13,1737.3204
578.47,0.0,1735.41
215.25,0.0,430.5
27.71,0.0,193.97
540.73,0.0,540.73
428.16,0.0,856.32
53.71,0.0,107.42
1191.7,0.0,1191.7
43.43,0.0,43.43
36.59,0.0,73.18
767.3,0.0,2301.9
16.26,0.27,35.6094
52.32,0.28,37.6704
203.72,0.0,1426.04
270.43,0.0,540.86
1619.57,0.0,4858.71
70.29,0.0,140.58
19.77,0.0,59.31
17.47,0.0,34.94
1378.18,0.0,1378.18
119.44,0.0,119.44
403.0,0.0,1209.0
1675.62,0.0,5026.86
1383.54,0.0,8301.24
372.81,0.0,745.62
348.47,0.0,696.94
622.03,0.28,895.7232
139.3,0.0,139.3
1095.39,0.0,3286.17
54.52,0.0,218.08
168.52,0.0,168.52
198.39,0.16,166.6476
379.22,0.0,1137.66
1744.74,0.0,1744.74
131.18,0.0,262.36
542.69,0.0,5426.9
223.44,0.0,1564.08
334.55,0.0,334.55
56.46,0.0,56.46
260.39,0.0,260.39
223.11,0.0,446.22
145.52,0.31,100.4088
228.08,0.0,456.16
397.06,0.0,794.12
29.36,0.0,88.08
23.74,0.0,23.74
58.16,0.44,97.7088
382.18,0.0,764.36
1564.36,0.0,6257.44
350.22,0.0,2101.32
485.54,0.08,446.6968
99.25,0.45,163.7625
333.51,0.0,1000.53
1977.11,0.0,7908.44
387.35,0.18,317.627
280.65,0.0,280.65
60.99,0.0,121.98
92.71,0.0,556.26
225.26,0.0,225.26
562.26,0.0,562.26
187.51,0.15,318.767
53.92,0.0,161.76
39.52,0.18,194.4384
205.49,0.0,410.98
110.56,0.44,61.9136
423.48,0.0,3387.84
17.89,0.0,35.78
48.76,0.0,48.76
60.71,0.0,242.84
129.69,0.0,129.69
558.26,0.0,558.26
137.01,0.25,205.515
81.78,0.0,163.56
27.71,0.0,27.71
755.74,0.0,2267.22
35.38,0.28,178.3152
1453.92,0.0,8723.52
24.93,0.0,24.93
141.92,0.46,76.6368
30.57,0.0,152.85
425.73,0.0,851.46
142.87,0.0,1142.96
60.46,0.0,60.46
362.15,0.14,1245.796
52.08,0.17,43.2264
24.0,0.4,14.4
493.88,0.12,1738.4576
571.53,0.0,1714.59
84.99,0.0,254.97
622.41,0.0,1244.82
1195.79,0.0,1195.79
36.28,0.0,36.28
458.32,0.0,2749.92
54.57,0.17,45.2931
1444.88,0.0,4334.64
134.72,0.0,538.88
559.04,0.0,1118.08
99.94,0.07,92.9442
295.14,0.0,295.14
249.1,0.0,996.4
604.39,0.0,2417.56
53.66,0.0,107.32
34.26,0.0,34.26
65.61,0.0,262.44
1709.74,0.07,3180.1164
39.75,0.0,79.5
325.81,0.0,977.43
108.85,0.0,108.85
40.17,0.0,120.51
146.39,0.0,292.78
29.57,0.0,59.14
662.57,0.0,1325.14
57.57,0.0,57.57
31.36,0.0,31.36
36.3,0.11,226.149
29.46,0.0,29.46
274.3,0.47,145.379
500.36,0.0,500.36
23.53,0.16,19.7652
295.32,0.09,1074.9648
37.82,0.0,113.46
994.16,0.0,1988.32
115.3,0.0,922.4
133.08,0.0,133.08
280.06,0.48,145.6312
53.35,0.0,106.7
59.97,0.0,59.97
653.78,0.15,555.713
653.61,0.0,653.61
51.49,0.07,47.8857
23.7,0.0,94.8
124.5,0.0,498.0
102.21,0.0,511.05
447.08,0.0,447.08
1761.05,0.0,1761.05
1166.91,0.39,1423.6302
446.14,0.0,446.14
98.8,0.0,592.8
616.48,0.0,3082.4
66.85,0.13,58.1595
242.74,0.0,970.96
1817.39,0.0,3634.78
10.67,0.0,21.34
453.24,0.0,4532.4
16.77,0.48,17.4408
16.68,0.0,16.68
1656.6,0.0,4969.8
202.73,0.0,202.73
299.66,0.0,599.32
129.8,0.11,346.566
75.82,0.0,227.46
12.55,0.11,55.8475
234.2,0.0,1171.0
65.37,0.0,130.74
636.28,0.0,636.28
90.77,0.0,90.77
148.41,0.0,148.41
247.79,0.45,136.2845
38.14,0.0,76.28
108.69,0.0,434.76
169.58,0.13,442.6038
118.07,0.09,214.8874
30.7,0.0,61.4
483.05,0.0,966.1
844.71,0.37,532.1673
287.02,0.0,1148.08
156.8,0.0,470.4
461.46,0.0,461.46
643.89,0.0,3219.45
105.56,0.0,633.36
339.6,0.18,278.472
461.76,0.0,461.76
480.14,0.0,480.14
194.58,0.0,389.16
62.66,0.0,125.32
684.39,0.0,684.39
195.23,0.0,195.23
261.39,0.2,209.112
11.75,0.0,35.25
274.26,0.14,235.8636
24.91,0.0,74.73
73.68,0.06,207.7776
319.58,0.0,319.58
732.96,0.0,1465.92
81.09,0.0,162.18
58.6,0.08,53.912
630.42,0.0,630.42
26.57,0.0,26.57
57.66,0.0,230.64
482.26,0.16,405.0984
1264.35,0.0,1264.35
35.15,0.0,70.3
1524.8,0.0,1524.8
291.45,0.0,582.9
661.67,0.0,1985.01
142.63,0.0,855.78
45.03,0.44,50.4336
1036.79,0.0,1036.79
106.55,0.0,319.65
93.3,0.1,503.82
153.53,0.42,89.0474
1278.54,0.0,2557.08
423.57,0.0,1270.71
29.29,0.0,58.58
412.0,0.11,366.68
298.45,0.0,596.9
29.21,0.13,228.7143
57.68,0.0,57.68
208.61,0.0,625.83
128.89,0.0,257.78
27.62,0.0,165.72
112.39,0.0,449.56
19.6,0.0,58.8
526.47,0.0,1052.94
43.65,0.0,43.65
494.99,0.11,1762.1644
186.55,0.29,397.3515
264.78,0.0,264.78
1848.75,0.0,3697.5
93.64,0.49,191.0256
24.64,0.11,21.9296
13.7,0.0,41.1
382.96,0.37,241.2648
1691.77,0.0,6767.08
124.86,0.0,374.58
1364.55,0.0,1364.55
208.53,0.0,625.59
52.56,0.1,94.608
299.69,0.0,599.38
28.59,0.0,85.77
404.47,0.0,404.47
226.08,0.06,212.5152
54.53,0.0,54.53
1178.16,0.16,989.6544
161.45,0.23,248.633
312.08,0.0,1248.32
1791.53,0.0,7166.12
48.1,0.0,144.3
69.08,0.0,69.08
292.26,0.0,1169.04
13.89,0.15,11.8065
373.86,0.0,1121.58
100.95,0.0,605.7
461.02,0.14,792.9544
44.16,0.36,56.5248
317.23,0.13,1103.9604
130.22,0.0,260.44
27.17,0.0,81.51
62.73,0.0,376.38
42.96,0.0,42.96
57.97,0.0,57.97
229.47,0.0,458.94
28.21,0.19,45.7002
99.16,0.49,101.1432
49.13,0.0,98.26
758.9,0.0,4553.4
28.58,0.0,28.58
1040.22,0.0,1040.22
136.81,0.0,410.43
63.92,0.07,118.8912
1743.77,0.0,1743.77
49.33,0.0,49.33
45.16,0.0,90.32
907.04,0.09,1650.8128
1941.36,0.0,9706.8
26.08,0.0,52.16
43.11,0.0,86.22
56.93,0.0,170.79
152.54,0.0,152.54
361.15,0.0,1083.45
419.7,0.28,604.368
189.72,0.0,379.44
73.41,0.0,367.05
1697.1,0.0,3394.2
27.75,0.0,27.75
22.52,0.0,67.56
1565.74,0.0,1565.74
772.29,0.0,2316.87
149.58,0.0,747.9
452.51,0.18,371.0582
1957.79,0.19,1585.8099
257.98,0.0,1547.88
1407.63,0.0,1407.63
228.29,0.0,228.29
52.1,0.17,43.243
187.23,0.0,374.46
442.98,0.1,1594.728
191.05,0.0,382.1
24.83,0.0,148.98
49.87,0.0,49.87
232.16,0.0,464.32
52.67,0.0,316.02
1540.53,0.0,4621.59
386.83,0.0,1547.32
103.2,0.0,309.6
406.98,0.0,1627.92
1684.32,0.15,4295.016
8.45,0.0,8.45
27.48,0.0,54.96
410.9,0.1,369.81
151.06,0.47,160.1236
41.73,0.0,166.92
733.72,0.0,733.72
132.37,0.0,132.37
11.62,0.0,34.86
72.82,0.0,72.82
157.6,0.08,434.976
21.41,0.1,38.538
47.77,0.0,95.54
102.25,0.1,276.075
125.43,0.0,376.29
384.31,0.0,384.31
490.99,0.13,427.1613
31.27,0.0,31.27
55.49,0.16,93.2232
25.3,0.0,25.3
227.77,0.0,455.54
58.18,0.0,232.72
407.9,0.0,815.8
20.15,0.0,20.15
291.19,0.0,291.19
89.14,0.0,356.56
141.24,0.0,847.44
1476.6,0.17,2451.156
47.16,0.0,47.16
194.95,0.0,779.8
37.92,0.0,227.52
189.47,0.0,189.47
71.26,0.13,185.9886
28.55,0.0,199.85
97.16,0.15,82.586
45.71,0.0,137.13
164.72,0.0,164.72
83.45,0.25,62.5875
142.54,0.0,712.7
34.8,0.14,59.856
77.91,0.19,252.4284
97.62,0.09,88.8342
134.44,0.0,134.44
709.09,0.0,3545.45
115.74,0.0,115.74
442.35,0.23,340.6095
269.83,0.0,539.66
51.02,0.19,41.3262
23.14,0.39,14.1154
68.71,0.0,206.13
94.08,0.0,188.16
96.81,0.35,62.9265
116.32,0.0,232.64
44.61,0.0,133.83
43.18,0.0,129.54
28.74,0.0,28.74
12.75,0.0,38.25
246.91,0.0,246.91
39.24,0.16,65.9232
489.79,0.0,2448.95
72.87,0.0,72.87
91.43,0.35,59.4295
51.76,0.0,51.76
785.29,0.0,2355.87
38.62,0.0,38.62
52.79,0.0,211.16
10.45,0.0,31.35
274.25,0.18,899.54
56.27,0.0,56.27
245.2,0.0,245.2
1953.35,0.0,3906.7
176.03,0.0,176.03
8.73,0.0,8.73
607.71,0.0,1215.42
17.16,0.0,34.32
36.87,0.0,147.48
1613.0,0.0,11291.0
1186.93,0.0,1186.93
47.89,0.0,95.78
861.03,0.0,4305.15
64.87,0.0,64.87
171.07,0.0,342.14
12.69,0.0,25.38
30.72,0.08,141.312
485.66,0.39,592.5052
155.95,0.0,311.9
90.28,0.0,541.68
368.16,0.39,224.5776
359.91,0.0,359.91
58.36,0.37,183.834
33.11,0.0,33.11
62.76,0.0,188.28
756.99,0.19,613.1619
42.5,0.11,75.65
896.0,0.0,1792.0
20.78,0.1,18.702
215.33,0.48,111.9716
703.53,0.41,2490.4962
63.38,0.13,330.8436
158.42,0.0,475.26
156.13,0.0,156.13
41.09,0.08,226.8168
102.54,0.09,186.6228
24.53,0.34,16.1898
11.07,0.0,11.07
270.87,0.0,270.87
1257.29,0.0,1257.29
426.27,0.34,844.0146
260.04,0.0,260.04
1864.28,0.0,7457.12
96.92,0.13,84.3204
40.62,0.0,40.62
81.25,0.0,243.75
139.16,0.17,115.5028
74.55,0.0,74.55
254.37,0.21,200.9523
129.55,0.08,119.186
473.29,0.0,473.29
263.39,0.2,1474.984
126.44,0.0,126.44
306.78,0.27,671.8482
206.98,0.0,1241.88
661.46,0.0,661.46
652.37,0.14,561.0382
174.76,0.0,174.76
280.32,0.2,224.256
166.64,0.0,166.64
119.02,0.33,79.7434
245.57,0.0,245.57
41.47,0.0,82.94
1350.39,0.0,2700.78
545.25,0.14,468.915
31.29,0.0,93.87
116.15,0.0,116.15
1872.72,0.09,3408.3504
98.41,0.17,81.6803
142.61,0.0,570.44
80.63,0.0,161.26
17.02,0.27,99.3968
968.09,0.0,2904.27
234.8,0.0,234.8
354.82,0.0,354.82
27.82,0.0,83.46
58.04,0.0,58.04
43.16,0.0,43.16
17.78,0.49,9.0678
224.76,0.06,422.5488
39.81,0.05,75.639
22.82,0.0,22.82
1652.19,0.42,1916.5404
1169.22,0.0,1169.22
24.99,0.0,249.9
375.28,0.0,1501.12
174.55,0.0,174.55
162.79,0.42,94.4182
47.09,0.0,141.27
693.57,0.0,1387.14
285.7,0.0,571.4
83.51,0.12,220.4664
38.25,0.0,38.25
283.32,0.0,566.64
72.88,0.0,145.76
49.22,0.0,295.32
711.21,0.0,711.21
308.52,0.0,1851.12
270.0,0.0,540.0
164.17,0.0,328.34
434.3,0.0,1302.9
47.65,0.0,95.3
448.78,0.0,1346.34
700.07,0.0,1400.14
741.22,0.0,741.22
62.76,0.0,125.52
61.34,0.47,32.5102
479.36,0.0,479.36
782.3,0.16,1314.264
31.38,0.0,31.38
1328.24,0.0,1328.24
37.65,0.0,75.3
706.27,0.0,1412.54
221.48,0.19,179.3988
55.66,0.0,55.66
346.49,0.47,550.9191
53.29,0.29,113.5077
22.34,0.0,201.06
413.71,0.0,413.71
148.89,0.0,148.89
94.48,0.0,566.88
110.06,0.0,220.12
244.17,0.0,244.17
65.03,0.13,56.5761
364.17,0.34,1201.761
91.91,0.06,86.3954
1939.31,0.2,10860.136
27.36,0.07,25.4448
1552.29,0.0,3104.58
161.41,0.0,322.82
235.97,0.09,214.7327
47.6,0.0,47.6
245.56,0.0,245.56
168.96,0.0,337.92
18.7,0.0,130.9
52.89,0.0,52.89
678.05,0.0,678.05
1111.77,0.36,711.5328
429.46,0.0,858.92
945.52,0.15,3214.768
1352.34,0.0,9466.38
491.63,0.0,983.26
34.97,0.36,22.3808
58.93,0.0,58.93
371.21,0.0,742.42
141.39,0.0,282.78
183.99,0.0,183.99
1095.07,0.0,7665.49
92.33,0.0,92.33
1613.37,0.0,4840.11
45.55,0.0,227.75
270.04,0.0,270.04
462.36,0.08,425.3712
126.57,0.46,68.3478
390.82,0.0,2344.92
453.42,0.0,453.42
1014.02,0.0,1014.02
1744.16,0.0,3488.32
498.01,0.11,443.2289
379.58,0.0,379.58
47.02,0.0,94.04
377.84,0.14,974.8272
38.07,0.0,38.07
85.6,0.0,85.6
77.63,0.0,77.63
1475.19,0.0,1475.19
126.93,0.0,380.79
74.64,0.07,208.2456
36.4,0.16,61.152
192.37,0.09,175.0567
221.76,0.0,443.52
100.99,0.0,100.99
101.32,0.0,101.32
355.55,0.0,355.55
164.71,0.0,1152.97
277.67,0.14,238.7962
482.53,0.0,482.53
1014.92,0.0,1014.92
52.33,0.0,156.99
34.86,0.15,29.631
61.83,0.06,290.601
32.57,0.0,32.57
1250.07,0.07,2325.1302
137.54,0.11,244.8212
392.21,0.07,2188.5318
1973.95,0.09,1796.2945
45.45,0.0,90.9
214.53,0.0,429.06
241.6,0.0,241.6
192.28,0.4,230.736
1668.0,0.0,5004.0
51.25,0.0,51.25
58.5,0.0,58.5
767.92,0.0,767.92
32.22,0.0,32.22
104.34,0.2,166.944
1917.97,0.11,1706.9933
12.44,0.16,20.8992
509.58,0.0,1019.16
53.53,0.17,177.7196
73.31,0.0,219.93
112.29,0.0,224.58
575.51,0.0,575.51
613.67,0.0,1227.34
227.16,0.0,681.48
133.5,0.0,400.5
340.04,0.16,856.9008
1104.36,0.0,3313.08
74.54,0.0,74.54
293.53,0.0,293.53
49.06,0.0,147.18
210.73,0.0,210.73
417.7,0.18,685.028
54.79,0.0,54.79
55.9,0.0,55.9
25.99,0.0,129.95
41.69,0.13,36.2703
26.91,0.0,53.82
1382.19,0.0,5528.76
91.2,0.0,91.2
1085.18,0.0,1085.18
1161.28,0.09,1056.7648
674.29,0.17,1119.3214
43.09,0.0,86.18
559.65,0.08,1029.756
36.37,0.0,109.11
124.5,0.0,249.0
163.14,0.0,163.14
704.33,0.0,704.33
34.66,0.0,69.32
1021.35,0.0,1021.35
62.11,0.0,62.11
66.14,0.38,123.0204
71.97,0.18,177.0462
22.78,0.0,68.34
244.59,0.06,459.8292
74.19,0.0,222.57
123.26,0.0,246.52
1764.41,0.0,1764.41
11.43,0.0,22.86
27.73,0.42,112.5838
723.75,0.0,4342.5
673.82,0.0,1347.64
107.72,0.0,107.72
429.24,0.0,1287.72
62.45,0.0,124.9
20.25,0.07,18.8325
85.85,0.0,257.55
56.54,0.47,89.8986
221.95,0.0,221.95
255.49,0.0,255.49
1070.63,0.0,3211.89
719.66,0.0,2158.98
11.1,0.13,38.628
85.31,0.09,77.6321
231.71,0.0,1158.55
11.69,0.0,35.07
17.59,0.45,9.6745
47.79,0.17,39.6657
1580.89,0.0,3161.78
144.82,0.14,124.5452
127.52,0.0,382.56
101.5,0.0,406.0
679.77,0.0,1359.54
123.63,0.0,123.63
1456.06,0.31,2009.3628
261.82,0.0,1047.28
107.16,0.0,107.16
270.08,0.0,270.08
641.41,0.0,1282.82
666.53,0.0,666.53
445.06,0.18,729.8984
96.4,0.1,173.52
650.55,0.0,4553.85
1318.68,0.0,2637.36
87.61,0.0,175.22
16.24,0.16,13.6416
145.57,0.0,145.57
293.57,0.0,293.57
41.45,0.27,30.2585
476.45,0.0,952.9
12.98,0.0,12.98
138.74,0.0,138.74
55.64,0.0,111.28
1822.98,0.0,3645.96
1677.41,0.3,1174.187
550.71,0.0,1101.42
152.67,0.0,610.68
751.55,0.0,2254.65
148.7,0.17,246.842
352.14,0.16,295.7976
85.03,0.06,479.5692
46.92,0.0,46.92
102.44,0.12,270.4416
423.46,0.18,347.2372
52.19,0.0,104.38
171.95,0.07,639.654
100.91,0.0,100.91
680.88,0.0,2042.64
131.82,0.0,131.82
491.7,0.13,427.779
50.78,0.0,50.78
10.09,0.0,40.36
405.87,0.0,811.74
49.69,0.19,80.4978
1036.97,0.17,860.6851
68.65,0.0,68.65
53.85,0.0,161.55
396.63,0.0,1586.52
184.79,0.0,184.79
40.54,0.0,40.54
92.38,0.0,369.52
132.27,0.0,132.27
126.93,0.0,126.93
78.79,0.09,71.6989
119.38,0.39,72.8218
185.55,0.0,371.1
223.75,0.05,212.5625
70.26,0.0,140.52
1119.75,0.0,2239.5
207.83,0.0,415.66
106.34,0.0,106.34
54.58,0.0,272.9
396.35,0.0,792.7
23.85,0.0,95.4
10.53,0.09,57.4938
35.07,0.0,35.07
333.02,0.0,333.02
50.95,0.07,94.767
169.65,0.27,247.689
120.86,0.0,120.86
1533.74,0.16,2576.6832
89.14,0.0,178.28
10.19,0.0,10.19
204.54,0.0,818.16
789.13,0.19,1278.3906
235.41,0.0,235.41
720.08,0.2,1152.128
46.3,0.34,61.116
871.43,0.11,1551.1454
44.67,0.0,44.67
106.69,0.41,62.9471
39.58,0.09,36.0178
43.86,0.0,87.72
114.25,0.17,474.1375
440.3,0.0,880.6
1133.45,0.0,10201.05
694.93,0.0,694.93
423.62,0.16,711.6816
30.45,0.0,121.8
58.38,0.0,175.14
200.26,0.0,400.52
97.62,0.0,97.62
24.63,0.0,147.78
98.4,0.49,50.184
22.61,0.12,39.7936
695.28,0.27,507.5544
48.19,0.11,171.5564
140.02,0.0,980.14
75.72,0.0,75.72
60.53,0.0,181.59
88.59,0.0,88.59
183.89,0.18,301.5796
66.23,0.15,112.591
1149.59,0.0,3448.77
1291.0,0.0,1291.0
109.14,0.15,92.769
437.14,0.13,380.3118
327.17,0.0,654.34
20.61,0.0,41.22
31.13,0.0,217.91
171.47,0.1,462.969
111.55,0.0,223.1
90.8,0.0,454.0
14.8,0.0,14.8
362.09,0.0,724.18
766.19,0.0,1532.38
48.34,0.0,96.68
98.03,0.0,196.06
156.69,0.08,288.3096
1516.01,0.0,1516.01
39.5,0.0,79.0
124.84,0.08,114.8528
145.79,0.0,145.79
244.55,0.0,733.65
490.5,0.27,358.065
11.19,0.0,11.19
15.55,0.0,46.65
484.63,0.0,969.26
158.48,0.0,158.48
276.43,0.29,392.5306
798.15,0.08,2937.192
238.35,0.0,715.05
45.19,0.0,316.33
1879.72,0.0,1879.72
110.81,0.0,332.43
41.1,0.0,82.2
289.75,0.0,289.75
215.07,0.0,215.07
305.76,0.0,305.76
109.11,0.06,102.5634
479.79,0.0,479.79
57.93,0.0,347.58
20.14,0.0,100.7
66.12,0.0,132.24
1945.5,0.0,9727.5
35.95,0.09,229.0015
54.34,0.0,54.34
50.48,0.0,353.36
24.31,0.37,30.6306
101.94,0.0,305.82
603.57,0.0,603.57
1973.51,0.0,3947.02
11.46,0.26,42.402
231.61,0.18,759.6808
738.26,0.0,738.26
295.89,0.17,491.1774
8.2,0.0,49.2
98.59,0.0,394.36
130.56,0.0,261.12
14.26,0.0,14.26
14.32,0.0,28.64
179.68,0.07,501.3072
265.69,0.07,1482.5502
307.8,0.0,923.4
406.21,0.18,1332.3688
467.38,0.0,3271.66
280.71,0.15,477.207
421.22,0.17,1048.8378
133.03,0.0,133.03
11.7,0.0,11.7
258.95,0.43,295.203
67.78,0.0,203.34
275.02,0.15,467.534
57.18,0.0,114.36
680.03,0.47,720.8318
19.22,0.0,76.88
45.69,0.16,38.3796
1083.18,0.0,1083.18
121.04,0.13,842.4384
118.53,0.0,474.12
79.86,0.0,159.72
716.78,0.0,2150.34
103.11,0.0,206.22
729.23,0.0,3646.15
110.46,0.0,110.46
753.73,0.17,625.5959
21.63,0.0,86.52
96.71,0.0,193.42
57.91,0.0,57.91
422.31,0.0,422.31
40.42,0.13,35.1654
363.0,0.0,2541.0
122.93,0.0,368.79
128.5,0.0,128.5
62.04,0.0,186.12
399.0,0.0,399.0
20.8,0.0,62.4
108.18,0.0,216.36
177.02,0.0,354.04
455.4,0.27,664.884
680.87,0.0,680.87
103.61,0.14,89.1046
815.82,0.0,815.82
108.72,0.0,108.72
136.53,0.0,136.53
287.22,0.48,448.0632
295.31,0.0,295.31
797.76,0.32,542.4768
17.72,0.0,70.88
267.24,0.1,240.516
30.28,0.0,90.84
1448.94,0.0,1448.94
194.41,0.0,388.82
66.28,0.0,66.28
1612.76,0.18,5289.8528
309.1,0.0,309.1
1281.86,0.0,2563.72
14.2,0.33,19.028
444.65,0.22,346.827
398.99,0.14,686.2628
283.21,0.0,566.42
138.15,0.0,552.6
121.77,0.0,121.77
45.56,0.26,33.7144
138.88,0.0,555.52
61.35,0.0,184.05
1618.2,0.0,9709.2
78.81,0.0,78.81
474.67,0.0,1424.01
303.46,0.17,251.8718
225.97,0.08,623.6772
54.89,0.0,54.89
35.75,0.09,97.5975
137.83,0.0,689.15
31.58,0.0,94.74
81.22,0.0,162.44
75.62,0.0,302.48
164.65,0.1,444.555
256.36,0.4,153.816
30.13,0.0,90.39
23.65,0.0,47.3
392.95,0.0,785.9
23.26,0.0,46.52
273.75,0.0,821.25
1016.65,0.17,4219.0975
23.31,0.0,46.62
229.52,0.49,234.1104
1741.22,0.16,5850.4992
120.98,0.0,362.94
1976.63,0.0,1976.63
1381.1,0.0,1381.1
32.83,0.0,32.83
816.98,0.0,816.98
1766.31,0.18,2896.7484
75.77,0.0,151.54
764.47,0.13,1330.1778
467.03,0.0,467.03
73.94,0.0,295.76
53.31,0.0,106.62
175.46,0.2,421.104
220.59,0.0,441.18
57.84,0.11,154.4328
229.51,0.0,1606.57
18.08,0.32,12.2944
337.97,0.14,290.6542
519.57,0.0,519.57
306.6,0.0,613.2
654.09,0.0,654.09
49.75,0.43,113.43
482.5,0.0,482.5
467.97,0.27,1024.8543
211.83,0.0,211.83
1697.99,0.0,3395.98
407.81,0.0,1631.24
130.89,0.0,523.56
316.37,0.0,632.74
37.55,0.19,60.831
152.88,0.0,764.4
236.95,0.0,236.95
91.03,0.0,364.12
93.33,0.14,160.5276
268.58,0.0,268.58
133.1,0.16,111.804
114.24,0.0,114.24
476.6,0.09,2602.236
825.84,0.0,2477.52
71.0,0.0,142.0
214.97,0.0,859.88
456.93,0.16,2686.7484
259.17,0.0,518.34
249.23,0.0,249.23
1969.43,0.0,1969.43
42.06,0.0,42.06
87.97,0.0,175.94
1843.09,0.31,1271.7321
28.9,0.0,57.8
100.84,0.0,100.84
667.09,0.25,500.3175
1229.89,0.0,2459.78
1309.33,0.0,6546.65
1268.35,0.0,1268.35
48.12,0.0,48.12
209.56,0.0,628.68
718.18,0.07,1335.8148
35.93,0.0,35.93
1106.43,0.0,4425.72
88.12,0.0,176.24
927.33,0.2,1483.728
115.84,0.19,469.152
588.86,0.0,1766.58
170.88,0.0,512.64
152.95,0.09,556.738
203.58,0.18,166.9356
50.75,0.0,304.5
274.07,0.18,674.2122
29.01,0.09,52.7982
1353.01,0.0,2706.02
656.99,0.0,1313.98
129.46,0.0,258.92
59.81,0.35,38.8765
25.81,0.0,25.81
92.54,0.0,92.54
49.88,0.0,99.76
419.33,0.38,519.9692
174.03,0.0,174.03
211.24,0.3,591.472
10.03,0.0,10.03
22.83,0.0,22.83
57.52,0.1,103.536
31.55,0.0,94.65
513.2,0.05,487.54
114.31,0.0,228.62
33.94,0.0,33.94
113.03,0.0,113.03
190.78,0.0,190.78
13.34,0.0,13.34
551.38,0.0,1102.76
31.96,0.0,31.96
1621.06,0.0,6484.24
46.43,0.5,69.645
1030.3,0.0,3090.9
275.27,0.0,1101.08
230.22,0.0,230.22
13.56,0.0,13.56
12.54,0.0,25.08
1087.15,0.0,2174.3
34.26,0.14,29.4636
588.22,0.07,2188.1784
26.32,0.16,22.1088
95.96,0.0,191.92
340.35,0.0,340.35
59.17,0.27,86.3882
489.21,0.0,489.21
57.12,0.12,351.8592
47.0,0.16,197.4
426.85,0.0,1707.4
216.2,0.0,648.6
527.68,0.0,2638.4
742.24,0.0,742.24
99.87,0.29,141.8154
217.15,0.0,651.45
92.23,0.34,304.359
586.99,0.0,1760.97
780.31,0.0,780.31
386.97,0.0,773.94
53.73,0.0,53.73
18.88,0.15,32.096
74.25,0.34,49.005
58.65,0.0,117.3
64.73,0.0,129.46
208.49,0.0,208.49
13.21,0.0,13.21
211.62,0.0,423.24
61.72,0.0,308.6
196.88,0.0,196.88
239.64,0.0,239.64
99.53,0.0,199.06
153.0,0.14,921.06
254.65,0.0,254.65
197.06,0.38,122.1772
17.28,0.0,17.28
13.36,0.0,26.72
162.63,0.0,650.52
39.04,0.0,195.2
295.51,0.0,1477.55
300.55,0.0,1202.2
207.02,0.0,414.04
804.75,0.12,2124.54
44.04,0.0,308.28
144.95,0.0,144.95
558.2,0.06,524.708
1367.83,0.0,1367.83
493.25,0.0,1479.75
255.0,0.0,1785.0
161.66,0.0,646.64
1064.35,0.0,2128.7
76.57,0.0,153.14
485.25,0.0,970.5
220.38,0.0,220.38
94.15,0.08,86.618
1143.05,0.0,1143.05
348.11,0.0,696.22
97.42,0.0,97.42
632.45,0.06,3567.018
224.0,0.14,192.64
361.35,0.0,361.35
29.32,0.15,124.61
251.12,0.0,502.24
252.11,0.0,1008.44
28.45,0.0,28.45
478.47,0.0,3349.29
1020.25,0.0,1020.25
1280.72,0.0,6403.6
76.45,0.47,121.5555
1509.11,0.38,3742.5928
147.67,0.06,277.6196
55.22,0.0,110.44
64.52,0.0,64.52
53.85,0.19,87.237
62.05,0.18,152.643
57.54,0.19,46.6074
59.42,0.0,59.42
124.08,0.09,112.9128
69.81,0.0,139.62
1476.42,0.0,1476.42
401.2,0.5,401.2
897.34,0.08,3302.2112
138.35,0.0,276.7
277.52,0.0,555.04
1761.77,0.05,1673.6815
1669.71,0.39,4074.0924
242.05,0.0,726.15
142.99,0.1,128.691
1997.86,0.0,7991.44
29.24,0.0,29.24
39.85,0.0,39.85
34.95,0.0,34.95
297.4,0.1,535.32
1991.36,0.1,7168.896
281.1,0.0,1124.4
265.92,0.0,265.92
724.37,0.0,724.37
728.25,0.0,1456.5
111.56,0.0,334.68
1027.96,0.0,2055.92
344.93,0.5,172.465
20.78,0.0,20.78
246.14,0.0,738.42
1783.55,0.15,3032.035
718.15,0.12,1895.916
34.29,0.0,34.29
108.11,0.35,70.2715
85.85,0.0,85.85
11.23,0.0,11.23
143.25,0.0,143.25
68.84,0.0,68.84
1416.89,0.0,1416.89
151.96,0.14,522.7424
703.19,0.16,590.6796
131.62,0.09,119.7742
54.01,0.0,162.03
19.15,0.05,18.1925
64.24,0.0,64.24
396.13,0.32,538.7368
83.74,0.18,68.6668
1081.43,0.0,4325.72
89.99,0.0,449.95
730.44,0.0,730.44
40.25,0.0,40.25
83.11,0.0,83.11
147.58,0.0,147.58
33.67,0.0,33.67
201.66,0.0,201.66
34.19,0.0,34.19
65.36,0.0,65.36
144.74,0.0,144.74
63.59,0.0,190.77
16.84,0.2,13.472
1423.88,0.41,2520.2676
13.42,0.0,13.42
145.46,0.0,145.46
121.34,0.0,364.02
641.28,0.0,641.28
45.49,0.0,136.47
154.13,0.0,154.13
1443.06,0.29,2049.1452
526.83,0.0,2634.15
69.8,0.0,69.8
128.92,0.19,208.8504
269.95,0.0,539.9
93.5,0.18,153.34
376.25,0.0,1128.75
324.87,0.06,610.7556
58.41,0.0,175.23
135.19,0.34,89.2254
1228.75,0.0,1228.75
189.12,0.0,189.12
115.14,0.0,115.14
102.07,0.0,204.14
218.9,0.0,437.8
1496.89,0.0,1496.89
37.97,0.0,37.97
453.65,0.1,816.57
410.45,0.0,410.45
1797.7,0.47,4763.905
297.99,0.0,595.98
139.94,0.0,559.76
142.84,0.0,142.84
156.6,0.0,469.8
563.77,0.0,563.77
928.22,0.0,928.22
67.54,0.0,135.08
99.31,0.27,362.4815
34.54,0.0,34.54
41.15,0.0,82.3
438.94,0.0,877.88
104.89,0.32,71.3252
1753.71,0.0,3507.42
279.53,0.0,279.53
48.16,0.12,127.1424
371.28,0.18,913.3488
57.03,0.0,342.18
41.76,0.11,37.1664
243.75,0.0,243.75
447.87,0.0,1343.61
98.77,0.0,395.08
311.17,0.0,622.34
332.0,0.0,1328.0
31.6,0.15,80.58
263.13,0.0,789.39
15.4,0.0,15.4
146.12,0.0,730.6
1417.52,0.13,4932.9696
46.22,0.2,36.976
206.23,0.15,175.2955
16.67,0.0,33.34
38.52,0.0,154.08
38.32,0.0,114.96
71.36,0.0,71.36
30.98,0.0,92.94
56.39,0.0,394.73
59.03,0.37,37.1889
132.18,0.28,95.1696
563.11,0.0,563.11
55.39,0.0,55.39
267.0,0.0,1068.0
36.59,0.0,36.59
75.94,0.0,75.94
49.6,0.0,148.8
44.82,0.0,89.64
107.04,0.0,321.12
297.51,0.0,892.53
49.99,0.0,49.99
189.88,0.0,759.52
130.03,0.26,96.2222
40.67,0.14,104.9286
70.89,0.0,70.89
121.15,0.0,121.15
20.49,0.35,26.637
92.17,0.0,184.34
242.75,0.0,485.5
226.31,0.0,226.31
71.86,0.05,136.534
131.54,0.0,263.08
29.22,0.38,36.2328
21.92,0.0,43.84
212.0,0.0,424.0
28.2,0.0,28.2
350.89,0.0,350.89
66.92,0.1,301.14
168.99,0.0,168.99
46.14,0.0,322.98
203.57,0.0,407.14
842.81,0.0,842.81
512.59,0.09,932.9138
701.27,0.1,1262.286
107.51,0.15,91.3835
672.87,0.0,2018.61
51.49,0.0,51.49
154.03,0.0,154.03
83.52,0.11,74.3328
22.79,0.0,45.58
247.26,0.0,494.52
17.98,0.0,17.98
1413.66,0.0,2827.32
51.34,0.0,205.36
296.39,0.0,296.39
114.85,0.16,192.948
131.56,0.0,263.12
11.52,0.0,11.52
244.61,0.0,978.44
99.99,0.0,299.97
132.75,0.0,398.25
145.1,0.48,75.452
128.74,0.0,128.74
321.35,0.0,321.35
122.84,0.0,368.52
35.2,0.45,135.52
19.71,0.0,19.71
39.91,0.17,33.1253
94.58,0.0,94.58
50.81,0.0,101.62
360.58,0.17,598.5628
159.48,0.0,318.96
43.28,0.0,86.56
361.83,0.1,325.647
1392.39,0.18,3425.2794
161.54,0.08,148.6168
355.11,0.0,710.22
54.27,0.32,36.9036
82.24,0.0,82.24
46.74,0.15,158.916
119.64,0.0,119.64
69.07,0.0,69.07
173.6,0.07,1130.136
1175.11,0.49,2397.2244
118.92,0.0,237.84
521.87,0.31,360.0903
416.94,0.15,354.399
364.21,0.0,364.21
342.54,0.46,184.9716
283.45,0.0,283.45
52.53,0.0,157.59
651.04,0.19,527.3424
19.23,0.28,27.6912
469.57,0.31,648.0066
543.74,0.0,1087.48
517.75,0.0,1553.25
1178.06,0.0,1178.06
10.8,0.0,21.6
42.16,0.27,92.3304
79.3,0.08,291.824
25.33,0.0,50.66
292.28,0.0,584.56
52.86,0.0,158.58
568.9,0.0,1137.8
31.41,0.19,50.8842
1906.91,0.0,1906.91
147.23,0.0,294.46
118.62,0.0,118.62
219.49,0.0,658.47
45.36,0.11,121.1112
850.48,0.0,3401.92
413.53,0.0,413.53
322.98,0.0,968.94
578.61,0.16,486.0324
196.98,0.0,393.96
466.08,0.0,1398.24
1543.28,0.32,3148.2912
108.22,0.0,216.44
20.92,0.0,41.84
121.48,0.0,850.36
698.53,0.19,565.8093
91.51,0.0,91.51
195.48,0.0,586.44
56.92,0.0,113.84
128.41,0.0,256.82
208.03,0.07,386.9358
18.36,0.0,55.08
293.81,0.0,293.81
245.51,0.0,245.51
21.1,0.0,21.1
47.35,0.0,142.05
442.19,0.19,1074.5217
116.52,0.0,116.52
45.16,0.15,76.772
25.6,0.0,76.8
231.34,0.11,205.8926
46.51,0.0,93.02
473.94,0.0,473.94
760.63,0.3,2129.764
43.7,0.0,87.4
56.18,0.0,112.36
35.67,0.0,35.67
556.52,0.0,556.52
8.71,0.17,21.6879
141.97,0.0,141.97
219.15,0.11,390.087
76.51,0.0,229.53
15.7,0.0,15.7
345.73,0.0,1037.19
468.47,0.0,468.47
568.24,0.0,1136.48
1112.41,0.13,4838.9835
257.9,0.0,515.8
141.79,0.5,212.685
131.4,0.0,525.6
83.06,0.0,83.06
113.82,0.29,80.8122
354.13,0.0,708.26
121.92,0.0,121.92
335.23,0.0,1340.92
47.06,0.0,235.3
195.2,0.0,390.4
216.53,0.0,433.06
224.57,0.0,224.57
1538.41,0.12,4061.4024
684.2,0.0,684.2
404.31,0.0,404.31
239.79,0.0,239.79
33.02,0.0,33.02
145.47,0.16,244.3896
277.92,0.0,277.92
297.63,0.0,297.63
59.67,0.0,59.67
62.22,0.5,31.11
179.7,0.0,539.1
11.85,0.0,35.55
158.18,0.0,1107.26
192.48,0.0,192.48
293.73,0.0,587.46
295.87,0.2,473.392
108.7,0.0,108.7
372.81,0.0,1491.24
24.48,0.0,97.92
1019.08,0.0,5095.4
391.71,0.0,3133.68
199.21,0.0,199.21
1333.98,0.0,4001.94
165.52,0.0,662.08
176.51,0.0,176.51
791.3,0.0,1582.6
69.56,0.0,69.56
25.1,0.07,46.686
192.66,0.39,117.5226
33.34,0.0,66.68
47.81,0.0,47.81
23.15,0.0,23.15
758.78,0.09,1380.9796
121.97,0.32,82.9396
48.6,0.16,40.824
361.22,0.0,361.22
244.18,0.0,1220.9
1960.91,0.16,4941.4932
226.9,0.0,226.9
390.39,0.06,1467.8664
15.36,0.0,92.16
41.13,0.0,329.04
722.71,0.19,585.3951
735.83,0.1,662.247
143.41,0.0,717.05
138.0,0.0,138.0
637.4,0.0,1912.2
29.78,0.0,59.56
30.08,0.0,30.08
46.26,0.05,175.788
107.6,0.0,968.4
708.67,0.38,2196.877
133.62,0.0,668.1
816.64,0.16,685.9776
20.52,0.0,20.52
88.74,0.0,354.96
158.91,0.05,452.8935
46.06,0.42,80.1444
26.52,0.0,79.56
1201.33,0.0,3603.99
33.6,0.0,33.6
193.84,0.0,387.68
127.0,0.0,254.0
195.9,0.0,195.9
1749.5,0.0,1749.5
105.27,0.2,84.216
27.44,0.16,46.0992
1610.7,0.12,1417.416
279.72,0.0,559.44
170.74,0.0,170.74
92.26,0.0,92.26
289.32,0.0,867.96
94.15,0.14,161.938
196.02,0.0,588.06
246.11,0.0,246.11
168.67,0.0,337.34
339.7,0.0,339.7
664.27,0.0,664.27
85.41,0.0,256.23
671.69,0.17,557.5027
179.5,0.0,538.5
1593.54,0.0,1593.54
129.31,0.4,155.172
716.28,0.06,1346.6064
286.88,0.07,266.7984
251.35,0.0,754.05
106.66,0.0,213.32
404.05,0.0,404.05
448.63,0.0,3140.41
9.96,0.0,39.84
390.63,0.32,1593.7704
266.85,0.0,266.85
46.76,0.0,93.52
314.8,0.0,944.4
457.96,0.0,915.92
39.92,0.0,79.84
187.71,0.0,563.13
240.73,0.0,240.73
137.8,0.29,97.838
470.03,0.0,470.03
83.9,0.0,83.9
185.94,0.25,418.365
431.18,0.0,431.18
32.46,0.05,61.674
654.76,0.0,654.76
1122.94,0.0,4491.76
505.65,0.0,2528.25
366.54,0.0,366.54
701.39,0.0,1402.78
54.86,0.0,54.86
767.48,0.0,4604.88
125.57,0.0,376.71
111.58,0.0,111.58
919.48,0.0,3677.92
117.45,0.0,234.9
37.71,0.0,37.71
105.76,0.06,397.6576
199.0,0.0,1393.0
86.91,0.16,219.0132
72.32,0.16,60.7488
17.34,0.18,14.2188
422.37,0.0,422.37
12.94,0.0,25.88
61.95,0.0,61.95
172.73,0.0,345.46
562.9,0.16,2837.016
20.38,0.0,40.76
142.46,0.12,125.3648
1325.97,0.0,1325.97
723.19,0.0,723.19
791.52,0.0,2374.56
46.19,0.0,46.19
63.64,0.0,127.28
142.59,0.0,285.18
424.36,0.0,424.36
75.95,0.0,151.9
191.96,0.46,103.6584
55.1,0.0,220.4
66.07,0.0,66.07
362.9,0.0,362.9
99.33,0.29,141.0486
438.85,0.0,438.85
601.44,0.0,1202.88
1685.06,0.07,9402.6348
51.87,0.06,48.7578
79.77,0.0,319.08
82.08,0.17,68.1264
124.59,0.05,118.3605
32.56,0.0,32.56
391.94,0.12,344.9072
195.66,0.19,792.423
712.3,0.34,470.118
23.67,0.0,23.67
1775.12,0.0,1775.12
215.71,0.0,215.71
500.37,0.0,2501.85
72.04,0.0,288.16
28.24,0.0,56.48
285.29,0.0,1141.16
1643.35,0.48,1709.084
75.49,0.0,75.49
226.09,0.0,452.18
414.32,0.0,2071.6
676.79,0.0,1353.58
89.07,0.0,89.07
264.6,0.07,246.078
1980.93,0.0,1980.93
99.24,0.0,198.48
194.46,0.0,777.84
49.2,0.11,87.576
280.71,0.0,280.71
10.43,0.0,10.43
53.66,0.18,396.0108
139.17,0.0,835.02
108.35,0.0,216.7
129.83,0.0,129.83
344.92,0.1,310.428
9.36,0.0,9.36
326.58,0.0,326.58
369.1,0.0,1476.4
253.21,0.14,871.0424
82.81,0.0,82.81
91.34,0.0,91.34
619.37,0.08,569.8204
138.34,0.18,226.8776
8.22,0.0,8.22
8.78,0.0,8.78
55.55,0.0,55.55
320.38,0.06,301.1572
246.2,0.0,246.2
54.33,0.08,99.9672
329.29,0.0,329.29
20.46,0.0,20.46
39.87,0.08,73.3608
297.61,0.0,1190.44
71.78,0.0,430.68
1731.2,0.0,10387.2
1010.51,0.0,3031.53
617.3,0.0,1851.9
48.82,0.0,97.64
73.01,0.4,43.806
1749.51,0.0,1749.51
58.05,0.0,348.3
134.38,0.0,134.38
227.65,0.18,186.673
1807.9,0.06,11895.982
1376.27,0.0,4128.81
639.33,0.0,1278.66
249.0,0.0,249.0
65.21,0.0,195.63
9.62,0.4,17.316
396.19,0.0,792.38
25.8,0.0,51.6
85.79,0.0,171.58
130.64,0.17,108.4312
178.35,0.0,356.7
42.41,0.34,27.9906
37.67,0.17,125.0644
678.03,0.09,617.0073
1348.28,0.27,2952.7332
9.14,0.0,18.28
197.89,0.34,783.6444
54.84,0.35,71.292
37.98,0.0,37.98
37.5,0.0,187.5
217.15,0.11,579.7905
964.76,0.0,964.76
100.95,0.0,302.85
41.13,0.0,41.13
17.42,0.34,68.9832
47.77,0.36,61.1456
141.76,0.2,226.816
774.89,0.0,774.89
49.36,0.0,148.08
37.98,0.0,75.96
46.17,0.0,92.34
259.0,0.0,259.0
666.39,0.0,1332.78
261.67,0.0,1831.69
290.61,0.18,476.6004
175.53,0.0,175.53
47.88,0.27,209.7144
135.57,0.0,135.57
61.2,0.0,61.2
921.04,0.0,1842.08
126.42,0.0,505.68
1533.48,0.18,1257.4536
417.38,0.0,1252.14
86.65,0.0,86.65
404.36,0.0,1213.08
48.5,0.36,31.04
13.16,0.0,26.32
28.42,0.09,77.5866
14.99,0.0,44.97
1671.46,0.0,1671.46
1210.84,0.0,1210.84
1045.96,0.0,1045.96
95.88,0.0,575.28
21.97,0.0,21.97
19.35,0.35,12.5775
235.28,0.0,705.84
109.39,0.15,92.9815
23.56,0.0,235.6
274.52,0.06,516.0976
148.27,0.0,148.27
726.61,0.0,726.61
75.43,0.0,75.43
1281.34,0.0,5125.36
24.4,0.0,73.2
196.52,0.12,345.8752
145.89,0.0,145.89
71.88,0.0,215.64
12.73,0.44,35.644
74.96,0.08,68.9632
1890.05,0.0,3780.1
355.29,0.0,355.29
36.74,0.09,33.4334
125.93,0.31,173.7834
385.66,0.0,2699.62
136.56,0.43,155.6784
1927.48,0.0,1927.48
472.27,0.48,245.5804
1180.49,0.0,5902.45
298.7,0.0,896.1
707.08,0.0,707.08
133.46,0.32,272.2584
42.92,0.15,36.482
512.62,0.0,1025.24
83.06,0.37,52.3278
225.54,0.0,451.08
259.76,0.0,259.76
784.44,0.0,784.44
86.14,0.0,86.14
125.6,0.0,125.6
44.86,0.0,89.72
319.88,0.0,639.76
204.17,0.0,1429.19
25.98,0.0,25.98
47.47,0.0,47.47
184.92,0.14,1590.312
83.86,0.0,670.88
767.2,0.0,1534.4
307.93,0.11,822.1731
49.59,0.13,43.1433
226.35,0.0,226.35
285.97,0.43,163.0029
40.0,0.0,40.0
302.81,0.0,302.81
13.27,0.0,13.27
169.33,0.0,507.99
55.3,0.0,55.3
53.02,0.0,53.02
55.88,0.29,79.3496
1892.29,0.18,4655.0334
181.45,0.0,725.8
810.97,0.0,2432.91
747.57,0.12,657.8616
107.3,0.0,107.3
148.38,0.0,148.38
17.79,0.0,17.79
221.85,0.4,399.33
448.29,0.0,448.29
1752.08,0.0,5256.24
1615.15,0.0,1615.15
1587.76,0.0,7938.8
14.04,0.0,14.04
900.29,0.0,1800.58
241.39,0.47,127.9367
491.4,0.19,398.034
39.12,0.11,104.4504
1934.51,0.0,1934.51
300.86,0.0,601.72
84.39,0.12,74.2632
9.34,0.34,6.1644
88.1,0.0,88.1
66.6,0.0,199.8
145.54,0.2,232.864
127.91,0.0,127.91
95.68,0.0,574.08
566.48,0.06,1597.4736
98.72,0.37,186.5808
163.61,0.0,654.44
322.01,0.11,573.1778
94.17,0.38,58.3854
241.7,0.0,725.1
44.77,0.0,179.08
346.51,0.0,346.51
391.68,0.0,391.68
222.67,0.0,445.34
358.21,0.0,1432.84
24.79,0.0,24.79
733.61,0.39,895.0042
10.19,0.0,20.38
250.3,0.0,250.3
139.09,0.0,417.27
54.21,0.0,54.21
146.76,0.0,440.28
266.56,0.0,533.12
1474.82,0.0,2949.64
129.04,0.0,129.04
312.35,0.0,1874.1
35.49,0.18,58.2036
75.6,0.0,75.6
145.63,0.12,256.3088
15.24,0.0,30.48
148.31,0.0,1038.17
68.72,0.0,343.6
298.65,0.09,543.543
106.55,0.0,426.2
151.26,0.0,151.26
244.24,0.0,244.24
47.06,0.13,122.8266
143.88,0.0,1007.16
1159.18,0.14,996.8948
113.72,0.0,113.72
130.14,0.0,780.84
25.96,0.07,24.1428
474.21,0.0,474.21
804.08,0.18,659.3456
168.56,0.0,505.68
422.44,0.0,422.44
135.37,0.12,119.1256
89.92,0.0,179.84
24.58,0.0,24.58
192.11,0.0,192.11
42.48,0.16,35.6832
67.93,0.0,135.86
675.43,0.0,1350.86
32.45,0.07,30.1785
969.92,0.0,1939.84
54.66,0.47,28.9698
184.05,0.0,184.05
23.56,0.0,47.12
474.07,0.0,948.14
639.34,0.0,639.34
165.2,0.0,330.4
52.71,0.0,105.42
852.25,0.42,988.61
700.86,0.0,1401.72
298.5,0.0,597.0
229.79,0.17,190.7257
493.34,0.0,493.34
34.71,0.0,34.71
459.82,0.14,395.4452
40.0,0.05,76.0
17.17,0.11,15.2813
50.36,0.0,50.36
166.0,0.24,630.8
74.58,0.0,372.9
48.63,0.0,97.26
284.87,0.0,284.87
238.5,0.16,200.34
113.6,0.0,113.6
52.22,0.0,208.88
323.65,0.3,226.555
59.7,0.0,119.4
261.34,0.0,784.02
296.16,0.16,248.7744
386.02,0.0,1158.06
43.77,0.0,43.77
1731.75,0.2,1385.4
237.67,0.16,998.214
23.29,0.37,14.6727
78.06,0.3,54.642
224.02,0.2,179.216
621.95,0.0,621.95
39.37,0.0,78.74
1904.31,0.0,9521.55
159.75,0.0,159.75
92.93,0.11,82.7077
1317.43,0.0,3952.29
996.2,0.0,7969.6
48.28,0.0,48.28
30.84,0.27,90.0528
187.48,0.0,374.96
621.0,0.0,1863.0
27.68,0.0,83.04
1458.04,0.27,2128.7384
246.68,0.0,246.68
122.27,0.0,122.27
342.66,0.0,342.66
196.09,0.0,784.36
133.35,0.0,133.35
212.64,0.0,212.64
101.32,0.0,202.64
121.13,0.0,847.91
35.67,0.07,66.3462
65.79,0.0,65.79
233.71,0.0,233.71
113.71,0.0,454.84
36.96,0.16,124.1856
19.46,0.0,116.76
75.19,0.11,133.8382
173.42,0.0,173.42
1353.72,0.0,8122.32
50.85,0.0,50.85
141.8,0.0,141.8
50.21,0.47,79.8339
1750.8,0.0,3501.6
80.99,0.19,328.0095
138.14,0.12,486.2528
47.76,0.0,191.04
140.44,0.0,280.88
164.36,0.0,164.36
717.31,0.0,717.31
41.37,0.0,124.11
72.99,0.0,364.95
1154.88,0.19,3741.8112
284.55,0.0,2276.4
448.92,0.0,897.84
50.76,0.17,126.3924
27.8,0.0,55.6
38.67,0.0,38.67
354.63,0.0,354.63
145.98,0.08,537.2064
441.82,0.06,1661.2432
355.15,0.48,738.712
493.32,0.18,404.5224
51.94,0.09,189.0616
132.35,0.37,83.3805
117.53,0.0,117.53
72.91,0.0,145.82
113.92,0.0,113.92
153.63,0.32,208.9368
261.21,0.0,783.63
53.87,0.0,215.48
461.3,0.0,922.6
18.78,0.0,18.78
243.73,0.22,760.4376
27.76,0.0,55.52
629.83,0.0,1889.49
521.69,0.0,1043.38
19.54,0.0,19.54
79.78,0.0,239.34
813.9,0.0,813.9
221.19,0.0,221.19
18.63,0.0,74.52
56.74,0.0,56.74
12.55,0.41,44.427
681.77,0.19,1656.7011
213.71,0.41,126.0889
53.55,0.0,53.55
339.66,0.0,679.32
125.62,0.0,251.24
242.55,0.0,727.65
151.38,0.0,151.38
1092.86,0.0,1092.86
139.77,0.27,102.0321
54.72,0.0,164.16
102.69,0.4,61.614
420.81,0.0,420.81
40.37,0.0,40.37
138.22,0.0,138.22
54.66,0.09,49.7406
126.89,0.0,761.34
1629.72,0.0,6518.88
51.51,0.14,44.2986
702.6,0.09,639.366
21.66,0.0,43.32
40.92,0.18,167.772
573.36,0.0,573.36
235.87,0.27,344.3702
35.74,0.0,71.48
45.6,0.0,182.4
1707.76,0.0,6831.04
25.78,0.0,180.46
326.46,0.0,652.92
62.35,0.0,62.35
607.58,0.11,1622.2386
28.32,0.15,48.144
1344.39,0.0,1344.39
451.53,0.0,1354.59
36.7,0.0,36.7
98.19,0.0,294.57
125.91,0.0,377.73
17.66,0.0,105.96
468.23,0.0,4682.3
86.25,0.0,345.0
42.51,0.0,85.02
263.15,0.19,213.1515
37.5,0.0,37.5
64.97,0.0,129.94
270.27,0.0,540.54
22.22,0.0,66.66
263.35,0.09,239.6485
14.62,0.0,14.62
364.99,0.28,788.3784
239.59,0.29,340.2178
112.63,0.0,225.26
1389.69,0.0,1389.69
136.43,0.0,136.43
329.88,0.0,329.88
1184.1,0.0,5920.5
424.1,0.0,424.1
580.98,0.0,1161.96
235.18,0.0,235.18
8.0,0.0,24.0
17.18,0.0,51.54
127.71,0.0,255.42
20.16,0.0,20.16
57.47,0.0,57.47
282.16,0.16,1896.1152
291.32,0.0,582.64
17.84,0.2,14.272
19.17,0.18,94.3164
36.36,0.0,109.08
67.14,0.0,402.84
40.76,0.0,122.28
1830.91,0.0,3661.82
18.21,0.16,15.2964
1381.86,0.0,1381.86
41.43,0.0,41.43
395.16,0.11,703.3848
123.16,0.18,201.9824
49.87,0.32,33.9116
426.48,0.0,2132.4
86.22,0.0,172.44
237.35,0.08,218.362
111.31,0.0,222.62
76.62,0.17,190.7838
23.45,0.11,62.6115
204.06,0.0,1428.42
201.66,0.0,403.32
169.37,0.0,169.37
136.36,0.0,136.36
126.43,0.41,74.5937
97.75,0.0,97.75
416.4,0.0,416.4
18.71,0.2,59.872
107.5,0.0,215.0
1168.13,0.12,2055.9088
180.92,0.2,144.736
23.38,0.0,70.14
238.01,0.0,476.02
74.01,0.0,74.01
430.35,0.0,430.35
378.18,0.0,378.18
142.09,0.0,710.45
55.36,0.0,110.72
250.28,0.0,1501.68
402.75,0.0,402.75
397.58,0.0,397.58
49.31,0.0,147.93
45.8,0.0,91.6
782.62,0.0,782.62
335.67,0.0,671.34
1282.95,0.0,3848.85
469.03,0.0,1407.09
692.52,0.0,2077.56
114.91,0.0,114.91
547.3,0.0,547.3
307.69,0.0,615.38
284.89,0.0,1139.56
75.9,0.0,151.8
460.8,0.05,2626.56
15.24,0.0,76.2
477.87,0.0,477.87
978.31,0.0,978.31
556.17,0.0,556.17
269.01,0.0,538.02
121.32,0.0,242.64
1640.15,0.0,1640.15
1019.48,0.0,1019.48
690.05,0.0,1380.1
1301.84,0.0,1301.84
1633.02,0.0,4899.06
46.52,0.16,117.2304
86.61,0.42,150.7014
493.59,0.34,651.5388
522.01,0.09,3800.2328
110.58,0.0,110.58
24.99,0.0,24.99
57.17,0.0,400.19
1240.27,0.0,1240.27
225.33,0.16,189.2772
1020.73,0.0,2041.46
287.31,0.0,861.93
218.41,0.0,218.41
757.97,0.0,3031.88
38.3,0.0,76.6
707.38,0.0,707.38
83.53,0.0,167.06
21.49,0.0,42.98
85.79,0.06,241.9278
26.61,0.0,53.22
436.4,0.44,488.768
44.78,0.09,122.2494
262.63,0.13,456.9762
32.78,0.15,27.863
52.13,0.5,52.13
205.46,0.13,357.5004
1253.36,0.0,2506.72
353.47,0.12,622.1072
153.48,0.09,279.3336
497.87,0.0,497.87
527.57,0.0,1055.14
1039.56,0.0,4158.24
373.2,0.17,619.512
192.43,0.0,192.43
295.5,0.0,295.5
80.72,0.48,41.9744
414.89,0.09,1132.6497
135.08,0.0,540.32
464.06,0.0,1856.24
508.45,0.0,1525.35
366.48,0.19,1187.3952
43.21,0.16,108.8892
26.72,0.15,22.712
132.12,0.0,660.6
144.12,0.0,288.24
41.55,0.0,83.1
146.3,0.0,146.3
1193.16,0.0,3579.48
128.87,0.05,244.853
231.9,0.0,1623.3
86.72,0.13,75.4464
632.82,0.15,537.897
27.12,0.17,22.5096
571.68,0.0,1143.36
107.58,0.0,322.74
249.55,0.0,998.2
35.2,0.0,70.4
953.81,0.0,1907.62
333.85,0.0,667.7
284.17,0.0,568.34
147.34,0.19,238.6908
74.84,0.16,125.7312
48.55,0.07,135.4545
57.87,0.28,333.3312
36.97,0.47,19.5941
63.55,0.0,190.65
928.64,0.0,1857.28
99.75,0.08,458.85
54.02,0.0,54.02
1631.32,0.17,4061.9868
1308.42,0.0,6542.1
41.78,0.0,41.78
1875.52,0.0,7502.08
73.24,0.0,732.4
8.76,0.0,8.76
268.73,0.0,1612.38
761.42,0.0,3045.68
52.02,0.12,183.1104
222.68,0.46,240.4944
32.38,0.0,64.76
251.02,0.29,178.2242
244.09,0.0,244.09
56.7,0.07,105.462
16.04,0.0,64.16
46.27,0.0,46.27
188.95,0.0,944.75
131.9,0.0,131.9
133.24,0.12,1055.2608
11.14,0.0,11.14
53.09,0.0,53.09
1488.0,0.0,1488.0
1724.41,0.0,3448.82
44.53,0.0,133.59
48.45,0.0,96.9
136.72,0.2,656.256
489.47,0.0,3426.29
107.29,0.32,72.9572
34.51,0.0,69.02
68.9,0.0,482.3
103.84,0.38,64.3808
290.36,0.0,290.36
213.98,0.09,194.7218
44.94,0.0,224.7
40.56,0.05,77.064
1370.82,0.3,2878.722
53.76,0.08,148.3776
133.62,0.0,400.86
31.07,0.0,93.21
202.62,0.1,364.716
45.92,0.0,45.92
297.73,0.0,595.46
59.8,0.46,161.46
32.82,0.0,131.28
27.15,0.0,135.75
269.82,0.18,442.5048
64.27,0.0,128.54
676.61,0.48,703.6744
122.84,0.0,737.04
237.34,0.0,237.34
329.46,0.2,263.568
102.73,0.0,102.73
288.08,0.0,288.08
289.68,0.0,289.68
190.27,0.0,190.27
1875.44,0.0,1875.44
34.66,0.09,94.6218
375.56,0.0,375.56
129.29,0.0,129.29
1138.55,0.0,4554.2
20.03,0.41,23.6354
22.18,0.0,22.18
63.32,0.09,115.2424
62.25,0.0,124.5
336.05,0.0,1008.15
180.63,0.29,128.2473
544.56,0.18,893.0784
58.66,0.13,102.0684
234.14,0.0,702.42
222.67,0.27,325.0982
86.91,0.17,216.4059
109.11,0.0,109.11
1033.78,0.43,589.2546
946.19,0.0,946.19
168.81,0.0,168.81
267.98,0.0,803.94
29.04,0.0,58.08
373.61,0.0,747.22
14.03,0.0,14.03
992.42,0.16,1667.2656
11.25,0.0,33.75
310.12,0.13,809.4132
16.78,0.0,100.68
1212.56,0.19,982.1736
1251.77,0.41,2215.6329
131.66,0.0,1053.28
187.71,0.0,187.71
433.08,0.0,433.08
51.72,0.0,51.72
403.38,0.0,403.38
42.97,0.12,37.8136
463.56,0.0,1390.68
157.91,0.0,157.91
104.18,0.07,193.7748
60.79,0.29,172.6436
26.54,0.0,53.08
286.54,0.0,859.62
71.47,0.0,71.47
89.75,0.11,79.8775
691.56,0.0,2074.68
299.38,0.0,299.38
152.85,0.0,152.85
264.95,0.0,1059.8
636.88,0.19,1547.6184
74.96,0.0,74.96
431.36,0.0,2588.16
48.4,0.18,79.376
43.53,0.0,261.18
89.69,0.0,89.69
291.96,0.0,291.96
1393.76,0.0,1393.76
532.74,0.0,532.74
109.45,0.0,437.8
501.89,0.42,582.1924
271.06,0.0,542.12
301.18,0.05,286.121
1153.18,0.08,3182.7768
138.13,0.11,122.9357
74.94,0.0,74.94
9.79,0.0,19.58
26.19,0.0,26.19
40.43,0.47,42.8558
463.24,0.14,1195.1592
59.55,0.0,119.1
43.34,0.32,58.9424
97.61,0.0,97.61
12.48,0.06,35.1936
50.35,0.08,92.644
479.44,0.46,258.8976
33.43,0.0,200.58
344.3,0.0,344.3
60.83,0.0,60.83
82.28,0.0,164.56
212.38,0.0,212.38
140.44,0.0,421.32
803.16,0.0,803.16
108.45,0.0,216.9
753.59,0.0,3014.36
558.45,0.14,480.267
172.87,0.0,172.87
200.45,0.0,400.9
186.27,0.0,186.27
914.71,0.0,6402.97
51.53,0.0,51.53
55.27,0.0,55.27
34.02,0.0,204.12
291.06,0.0,582.12
136.45,0.0,682.25
264.83,0.0,529.66
84.91,0.0,254.73
236.43,0.0,709.29
361.65,0.06,1019.853
572.69,0.0,3436.14
417.57,0.46,450.9756
49.35,0.12,43.428
66.65,0.0,399.9
9.17,0.0,9.17
228.01,0.0,1140.05
23.82,0.4,14.292
29.42,0.0,58.84
210.28,0.0,420.56
680.89,0.13,1184.7486
1711.91,0.0,8559.55
12.96,0.11,34.6032
170.15,0.0,340.3
76.7,0.0,76.7
786.02,0.0,786.02
769.91,0.0,1539.82
313.19,0.0,626.38
320.22,0.0,320.22
380.97,0.0,1523.88
24.85,0.06,210.231
175.67,0.0,175.67
106.85,0.0,106.85
1485.07,0.0,4455.21
247.79,0.1,446.022
273.75,0.0,547.5
446.59,0.0,446.59
33.91,0.11,60.3598
23.34,0.0,93.36
61.56,0.09,560.196
47.23,0.47,25.0319
102.28,0.0,306.84
295.37,0.0,295.37
411.75,0.14,2124.63
29.19,0.0,233.52
675.47,0.0,1350.94
211.5,0.0,423.0
30.38,0.0,30.38
476.5,0.0,953.0
19.82,0.1,35.676
202.86,0.0,811.44
85.04,0.16,71.4336
337.31,0.0,337.31
26.9,0.0,80.7
158.43,0.0,475.29
206.43,0.11,367.4454
342.86,0.0,685.72
1107.36,0.0,3322.08
121.65,0.19,98.5365
46.34,0.0,46.34
1064.45,0.0,6386.7
273.65,0.0,820.95
501.92,0.0,1003.84
667.6,0.08,1228.384
119.6,0.0,119.6
23.49,0.0,93.96
49.11,0.38,30.4482
1589.91,0.1,1430.919
56.83,0.0,56.83
157.41,0.0,629.64
1318.14,0.06,8673.3612
1407.36,0.0,2814.72
531.58,0.0,2126.32
38.09,0.25,28.5675
257.64,0.0,257.64
449.72,0.0,1349.16
51.73,0.34,34.1418
877.56,0.0,1755.12
110.31,0.0,220.62
1196.02,0.13,1040.5374
71.55,0.0,214.65
42.9,0.49,21.879
401.73,0.0,401.73
113.08,0.0,226.16
75.12,0.0,75.12
60.24,0.0,60.24
81.01,0.14,69.6686
205.38,0.15,174.573
1879.23,0.0,1879.23
55.78,0.16,46.8552
69.85,0.14,300.355
29.72,0.0,89.16
1013.0,0.0,8104.0
114.17,0.44,191.8056
67.07,0.0,134.14
77.5,0.11,68.975
71.81,0.0,287.24
156.18,0.0,780.9
264.38,0.0,528.76
13.3,0.0,13.3
53.49,0.0,160.47
43.93,0.19,71.1666
490.68,0.0,981.36
86.57,0.0,259.71
33.81,0.07,188.6598
37.38,0.0,74.76
573.16,0.0,1719.48
124.81,0.0,249.62
395.59,0.0,1186.77
260.61,0.0,521.22
79.02,0.0,395.1
40.1,0.15,102.255
38.56,0.14,132.6464
452.66,0.0,1357.98
43.48,0.0,86.96
1879.03,0.0,7516.12
42.72,0.13,74.3328
1116.02,0.0,3348.06
52.7,0.0,52.7
288.15,0.0,1440.75
58.03,0.0,290.15
321.28,0.0,963.84
1507.92,0.39,919.8312
100.48,0.15,170.816
1422.52,0.0,2845.04
38.35,0.0,115.05
109.28,0.0,109.28
659.96,0.0,4619.72
281.59,0.0,281.59
315.54,0.0,315.54
14.34,0.49,14.6268
1990.56,0.0,3981.12
896.34,0.33,600.5478
454.37,0.0,908.74
45.46,0.0,45.46
43.37,0.0,130.11
45.32,0.0,90.64
28.14,0.31,38.8332
871.69,0.0,871.69
247.61,0.0,247.61
778.62,0.0,3114.48
539.78,0.2,2159.12
101.9,0.0,101.9
1030.22,0.0,2060.44
42.17,0.16,212.5368
101.31,0.42,117.5196
59.68,0.0,59.68
141.36,0.0,706.8
614.69,0.0,1844.07
50.97,0.06,143.7354
157.59,0.0,157.59
138.65,0.0,138.65
77.92,0.0,233.76
223.88,0.0,223.88
1273.29,0.0,3819.87
17.03,0.0,17.03
46.6,0.0,93.2
334.72,0.0,334.72
323.09,0.0,323.09
143.83,0.0,143.83
42.12,0.06,118.7784
231.04,0.0,231.04
1605.71,0.0,8028.55
41.95,0.07,39.0135
31.94,0.0,63.88
679.0,0.0,2716.0
419.94,0.0,1679.76
350.52,0.05,1331.976
87.28,0.0,174.56
64.58,0.0,129.16
18.67,0.2,44.808
40.44,0.0,121.32
116.84,0.0,116.84
18.28,0.0,18.28
265.87,0.0,2126.96
490.59,0.0,490.59
54.56,0.0,109.12
78.92,0.0,315.68
144.19,0.0,432.57
89.22,0.0,356.88
114.54,0.0,458.16
1929.44,0.1,1736.496
474.01,0.0,1422.03
466.2,0.0,1864.8
1359.9,0.0,8159.4
92.7,0.17,230.823
442.79,0.09,805.8778
130.63,0.0,261.26
303.26,0.0,303.26
225.9,0.0,225.9
35.54,0.0,35.54
14.97,0.0,74.85
38.88,0.0,116.64
107.74,0.14,277.9692
111.9,0.0,447.6
1058.44,0.0,2116.88
8.84,0.12,15.5584
354.27,0.11,2207.1021
299.1,0.0,1196.4
87.46,0.0,787.14
17.13,0.0,17.13
36.85,0.0,36.85
537.76,0.0,1613.28
1316.54,0.09,9584.4112
510.0,0.07,474.3
1036.62,0.0,1036.62
431.59,0.29,306.4289
796.59,0.0,796.59
22.07,0.0,66.21
126.61,0.07,117.7473
91.21,0.0,182.42
275.09,0.0,275.09
56.91,0.0,56.91
25.11,0.0,100.44
1507.67,0.0,1507.67
477.55,0.0,477.55
29.64,0.07,55.1304
362.44,0.14,623.3968
32.64,0.0,97.92
169.98,0.0,339.96
59.6,0.0,59.6
8.02,0.0,24.06
581.02,0.0,1743.06
11.04,0.0,11.04
50.06,0.0,50.06
643.34,0.12,566.1392
155.31,0.0,310.62
61.66,0.0,431.62
49.81,0.0,199.24
41.73,0.0,125.19
101.04,0.17,419.316
43.81,0.0,87.62
59.4,0.0,118.8
1705.93,0.0,5117.79
79.09,0.16,66.4356
33.27,0.0,99.81
86.19,0.09,156.8658
12.71,0.0,12.71
25.3,0.0,50.6
671.25,0.0,671.25
390.83,0.0,781.66
223.3,0.0,223.3
219.08,0.17,1272.8548
17.88,0.0,35.76
255.64,0.0,511.28
57.41,0.0,57.41
55.43,0.0,332.58
297.42,0.14,255.7812
402.53,0.09,732.6046
35.45,0.0,35.45
784.33,0.1,705.897
180.65,0.0,180.65
38.34,0.0,115.02
206.86,0.2,827.44
24.23,0.0,48.46
1655.93,0.0,1655.93
144.39,0.0,433.17
1488.96,0.0,8933.76
61.65,0.11,109.737
290.63,0.0,290.63
75.91,0.0,151.82
152.85,0.0,305.7
58.22,0.0,407.54
1440.83,0.0,1440.83
462.11,0.0,2310.55
9.87,0.0,19.74
121.47,0.0,364.41
153.01,0.0,306.02
606.31,0.14,2607.133
200.28,0.09,182.2548
53.43,0.0,53.43
52.23,0.39,223.0221
150.41,0.0,300.82
306.23,0.0,306.23
439.66,0.0,439.66
120.08,0.06,112.8752
1702.72,0.19,4137.6096
266.72,0.0,533.44
34.88,0.0,34.88
67.91,0.0,67.91
563.33,0.0,563.33
375.35,0.0,750.7
10.16,0.0,40.64
825.48,0.26,1221.7104
44.06,0.38,81.9516
291.48,0.0,291.48
203.36,0.0,203.36
208.87,0.05,198.4265
659.35,0.0,659.35
46.29,0.0,46.29
274.57,0.0,274.57
407.36,0.0,407.36
43.26,0.0,43.26
364.94,0.0,2189.64
1476.96,0.0,1476.96
14.96,0.0,14.96
750.22,0.29,1597.9686
385.87,0.0,385.87
43.17,0.18,106.1982
49.3,0.48,25.636
79.63,0.17,198.2787
1488.14,0.0,8928.84
1738.82,0.0,10432.92
28.02,0.0,84.06
125.82,0.0,125.82
769.65,0.15,1308.405
199.49,0.0,199.49
1307.28,0.37,823.5864
214.95,0.0,214.95
18.85,0.0,94.25
113.18,0.0,113.18
221.15,0.0,663.45
127.82,0.0,127.82
83.4,0.3,58.38
91.54,0.0,274.62
222.05,0.0,666.15
179.55,0.0,718.2
32.77,0.0,131.08
1387.46,0.16,3496.3992
114.75,0.0,114.75
1226.81,0.0,8587.67
895.7,0.0,895.7
23.28,0.14,100.104
1422.13,0.48,2958.0304
1162.8,0.0,2325.6
881.32,0.0,2643.96
209.98,0.0,209.98
1304.93,0.1,2348.874
606.65,0.0,606.65
709.26,0.32,964.5936
430.2,0.0,430.2
1498.14,0.0,2996.28
731.54,0.31,1009.5252
233.13,0.0,466.26
125.43,0.0,125.43
45.88,0.0,45.88
742.81,0.0,1485.62
629.96,0.49,642.5592
14.96,0.14,12.8656
20.18,0.0,20.18
1218.89,0.42,1413.9124
758.18,0.0,1516.36
12.66,0.0,12.66
219.16,0.11,195.0524
208.9,0.0,626.7
776.51,0.36,496.9664
149.93,0.0,149.93
426.0,0.0,426.0
72.84,0.0,145.68
245.79,0.0,1474.74
46.91,0.28,135.1008
1799.97,0.0,1799.97
60.76,0.17,302.5848
106.88,0.0,213.76
109.43,0.0,109.43
589.79,0.0,589.79
17.36,0.0,173.6
191.31,0.0,573.93
15.16,0.09,13.7956
617.57,0.0,1852.71
1443.13,0.0,1443.13
78.18,0.0,234.54
60.57,0.0,60.57
46.37,0.0,92.74
661.07,0.0,1322.14
366.11,0.13,1274.0628
328.2,0.0,656.4
57.04,0.0,57.04
312.19,0.35,608.7705
1078.43,0.11,1919.6054
1967.87,0.0,1967.87
32.96,0.0,32.96
1794.79,0.14,4630.5582
56.33,0.08,155.4708
123.05,0.0,246.1
301.36,0.0,1205.44
46.14,0.0,46.14
51.76,0.0,310.56
36.34,0.0,181.7
12.66,0.0,25.32
358.53,0.0,717.06
32.68,0.0,326.8
377.27,0.0,754.54
1168.31,0.18,958.0142
121.04,0.45,66.572
125.72,0.0,125.72
32.62,0.0,65.24
297.95,0.0,297.95
57.69,0.0,288.45
57.71,0.0,115.42
10.02,0.0,10.02
480.19,0.18,393.7558
434.01,0.15,2582.3595
273.46,0.16,689.1192
100.39,0.14,86.3354
213.7,0.0,854.8
123.66,0.0,247.32
416.56,0.0,416.56
58.27,0.0,58.27
966.2,0.0,966.2
413.32,0.5,206.66
181.19,0.42,420.3608
275.71,0.32,937.414
37.23,0.0,111.69
324.08,0.43,554.1768
220.97,0.41,391.1169
32.86,0.0,32.86
869.49,0.12,765.1512
608.85,0.43,347.0445
56.88,0.05,108.072
343.6,0.0,687.2
397.15,0.0,1588.6
135.47,0.0,135.47
26.48,0.0,26.48
68.87,0.0,68.87
43.49,0.0,43.49
166.06,0.0,332.12
97.51,0.35,126.763
81.36,0.0,488.16
33.09,0.13,57.5766
326.37,0.06,306.7878
259.85,0.18,213.077
382.4,0.11,1021.008
377.28,0.0,377.28
280.18,0.16,470.7024
463.53,0.0,463.53
33.66,0.0,134.64
136.58,0.32,278.6232
318.85,0.1,573.93
1078.8,0.0,6472.8
24.3,0.0,24.3
21.02,0.0,63.06
1633.3,0.0,4899.9
107.68,0.0,107.68
83.55,0.0,167.1
64.29,0.14,55.2894
634.61,0.0,634.61
22.76,0.0,45.52
207.76,0.0,1246.56
21.96,0.0,21.96
217.38,0.0,652.14
42.43,0.0,381.87
54.19,0.0,54.19
634.73,0.0,634.73
147.27,0.0,147.27
29.93,0.0,149.65
52.92,0.0,52.92
36.69,0.0,36.69
59.93,0.16,50.3412
264.6,0.0,264.6
28.18,0.0,28.18
309.22,0.0,309.22
287.27,0.11,1278.3515
167.46,0.0,167.46
1659.35,0.0,1659.35
261.78,0.11,232.9842
542.25,0.0,542.25
1202.2,0.0,1202.2
125.17,0.0,125.17
80.77,0.09,147.0014
1952.91,0.0,5858.73
160.51,0.0,321.02
955.33,0.0,1910.66
265.56,0.06,249.6264
761.22,0.14,1309.2984
125.95,0.15,321.1725
139.32,0.0,1253.88
38.08,0.0,76.16
1756.96,0.0,1756.96
432.52,0.15,735.284
42.26,0.14,145.3744
575.41,0.18,1415.5086
35.82,0.0,35.82
247.27,0.13,645.3747
44.81,0.0,44.81
206.92,0.0,620.76
21.07,0.13,18.3309
273.58,0.0,273.58
41.43,0.17,34.3869
412.58,0.0,412.58
223.98,0.0,447.96
1059.54,0.14,911.2044
356.58,0.0,356.58
278.19,0.0,1390.95
133.7,0.15,340.935
192.79,0.0,963.95
916.16,0.0,916.16
566.39,0.0,1699.17
17.94,0.0,17.94
397.17,0.0,2780.19
245.76,0.0,983.04
205.8,0.0,205.8
145.22,0.0,290.44
351.21,0.0,1404.84
193.06,0.17,320.4796
653.07,0.16,548.5788
743.65,0.0,3718.25
331.25,0.0,662.5
828.7,0.39,505.507
244.68,0.0,244.68
75.44,0.05,430.008
496.01,0.08,1825.3168
50.04,0.0,50.04
1884.53,0.0,1884.53
897.91,0.0,2693.73
184.69,0.0,554.07
281.69,0.0,281.69
246.47,0.0,492.94
22.31,0.0,44.62
77.84,0.34,154.1232
145.28,0.3,305.088
29.73,0.0,29.73
1305.72,0.0,2611.44
112.98,0.48,117.4992
52.44,0.0,157.32
36.6,0.0,73.2
716.06,0.11,4461.0538
53.47,0.0,53.47
104.31,0.0,104.31
588.32,0.29,835.4144
69.47,0.09,63.2177
66.97,0.0,468.79
188.75,0.1,169.875
108.53,0.0,434.12
76.59,0.12,67.3992
72.43,0.0,217.29
46.33,0.0,416.97
52.87,0.15,44.9395
165.27,0.11,294.1806
195.73,0.35,254.449
133.33,0.0,266.66
78.09,0.11,417.0006
297.85,0.0,893.55
24.41,0.19,59.3163
243.92,0.0,731.76
130.17,0.4,78.102
328.09,0.44,734.9216
56.96,0.0,284.8
276.89,0.0,553.78
45.83,0.0,91.66
1821.45,0.0,1821.45
253.78,0.0,253.78
1465.15,0.47,4659.177
875.71,0.05,1663.849
410.01,0.0,410.01
29.79,0.27,65.2401
370.9,0.0,370.9
373.21,0.0,373.21
664.55,0.16,2232.888
331.1,0.0,662.2
25.59,0.0,25.59
769.9,0.0,769.9
209.12,0.0,209.12
703.72,0.0,703.72
143.08,0.47,151.6648
243.51,0.0,974.04
86.92,0.17,72.1436
1578.12,0.0,3156.24
169.14,0.44,189.4368
321.73,0.0,965.19
33.74,0.0,33.74
44.07,0.45,24.2385
255.3,0.0,510.6
364.13,0.0,364.13
30.88,0.0,123.52
46.81,0.14,40.2566
115.87,0.0,115.87
370.69,0.0,741.38
61.8,0.0,123.6
24.39,0.0,73.17
195.13,0.0,390.26
132.27,0.0,396.81
82.51,0.17,205.4499
288.91,0.0,288.91
33.2,0.09,60.424
282.03,0.0,282.03
1570.76,0.0,7853.8
490.46,0.18,402.1772
34.99,0.06,230.2342
165.42,0.0,165.42
66.57,0.0,133.14
139.83,0.0,699.15
1159.4,0.0,1159.4
317.66,0.0,2541.28
142.32,0.0,142.32
294.48,0.0,588.96
61.16,0.19,49.5396
44.27,0.0,44.27
887.83,0.0,887.83
56.18,0.13,48.8766
199.4,0.0,199.4
22.89,0.0,45.78
524.36,0.13,912.3864
106.11,0.0,318.33
30.0,0.17,24.9
323.21,0.0,646.42
145.76,0.49,74.3376
84.18,0.0,505.08
289.96,0.09,263.8636
704.43,0.0,1408.86
652.66,0.0,652.66
21.81,0.35,14.1765
327.84,0.0,983.52
117.69,0.0,117.69
16.76,0.0,83.8
19.32,0.0,135.24
1374.25,0.0,2748.5
320.49,0.17,266.0067
20.19,0.0,20.19
22.53,0.07,41.9058
1123.56,0.0,4494.24
20.81,0.35,40.5795
137.65,0.0,137.65
58.19,0.0,465.52
192.08,0.38,119.0896
624.23,0.0,624.23
268.0,0.0,536.0
66.91,0.0,133.82
116.05,0.0,116.05
425.12,0.0,1275.36
114.52,0.12,100.7776
93.68,0.0,93.68
312.76,0.0,625.52
1754.73,0.0,3509.46
248.86,0.0,497.72
130.81,0.0,130.81
922.45,0.1,830.205
46.53,0.0,93.06
34.16,0.0,34.16
1536.46,0.0,6145.84
1792.39,0.0,1792.39
58.75,0.18,48.175
43.22,0.47,91.6264
41.17,0.0,41.17
27.84,0.0,55.68
153.15,0.19,124.0515
265.72,0.0,265.72
48.28,0.0,96.56
189.19,0.25,141.8925
26.04,0.0,26.04
32.16,0.07,119.6352
198.89,0.0,198.89
11.94,0.0,23.88
116.23,0.0,232.46
61.56,0.0,61.56
363.79,0.0,727.58
33.11,0.0,66.22
458.3,0.0,458.3
763.83,0.0,4582.98
54.63,0.0,54.63
86.35,0.0,172.7
104.49,0.06,196.4412
83.07,0.0,83.07
29.12,0.0,29.12
321.98,0.0,965.94
418.73,0.22,326.6094
36.0,0.45,39.6
451.85,0.0,903.7
148.17,0.0,296.34
64.73,0.0,64.73
21.95,0.0,43.9
355.36,0.0,355.36
20.27,0.0,20.27
118.48,0.0,118.48
219.39,0.0,219.39
99.35,0.0,99.35
571.29,0.08,1051.1736
19.87,0.0,19.87
660.03,0.0,1980.09
117.45,0.19,95.1345
72.91,0.0,218.73
434.27,0.0,434.27
168.12,0.0,504.36
437.89,0.3,306.523
58.13,0.0,116.26
451.53,0.0,903.06
479.85,0.19,777.357
588.05,0.0,1176.1
260.54,0.0,781.62
46.34,0.0,92.68
410.47,0.09,747.0554
371.7,0.0,371.7
352.77,0.19,285.7437
169.72,0.0,509.16
31.46,0.0,31.46
150.51,0.2,361.224
200.11,0.0,400.22
824.51,0.0,4122.55
21.0,0.0,21.0
761.05,0.09,692.5555
1683.92,0.0,5051.76
58.67,0.0,234.68
457.22,0.0,914.44
1049.38,0.0,1049.38
457.8,0.0,1373.4
17.96,0.0,17.96
43.17,0.0,129.51
13.74,0.0,13.74
75.63,0.41,44.6217
956.77,0.0,6697.39
325.93,0.08,299.8556
270.71,0.0,270.71
646.72,0.46,1047.6864
366.13,0.0,1098.39
54.32,0.0,54.32
23.77,0.0,95.08
488.61,0.0,977.22
155.1,0.31,642.114
683.12,0.0,683.12
537.24,0.06,1515.0168
296.77,0.0,296.77
50.21,0.0,50.21
288.53,0.3,605.913
284.31,0.17,235.9773
132.41,0.0,926.87
1548.51,0.0,3097.02
292.35,0.0,292.35
271.47,0.0,1357.35
37.68,0.0,75.36
422.14,0.05,401.033
155.44,0.0,155.44
110.69,0.0,332.07
46.08,0.0,138.24
239.22,0.0,956.88
88.38,0.0,265.14
173.03,0.12,609.0656
488.49,0.0,976.98
579.62,0.15,492.677
82.88,0.08,228.7488
123.17,0.0,123.17
19.93,0.0,39.86
141.17,0.0,423.51
146.8,0.05,418.38
56.79,0.0,170.37
1921.73,0.0,1921.73
84.7,0.0,677.6
20.88,0.0,41.76
149.45,0.43,85.1865
299.02,0.06,1405.394
31.66,0.0,31.66
34.74,0.41,20.4966
200.72,0.0,200.72
115.86,0.15,196.962
78.31,0.18,128.4284
53.93,0.17,44.7619
107.26,0.0,321.78
81.28,0.0,81.28
184.21,0.0,184.21
102.04,0.0,306.12
103.66,0.0,414.64
54.37,0.06,51.1078
103.71,0.15,264.4605
286.12,0.0,286.12
103.49,0.0,206.98
786.34,0.0,2359.02
120.52,0.5,241.04
27.29,0.0,54.58
183.67,0.24,279.1784
120.29,0.34,158.7828
521.61,0.0,1043.22
120.01,0.13,104.4087
279.93,0.11,1743.9639
24.79,0.39,30.2438
372.99,0.0,372.99
437.49,0.13,380.6163
242.99,0.13,634.2039
28.68,0.0,114.72
113.03,0.17,469.0745
57.66,0.0,345.96
51.14,0.12,90.0064
59.49,0.46,64.2492
15.6,0.06,29.328
30.17,0.0,60.34
8.48,0.0,16.96
12.79,0.0,12.79
30.14,0.0,60.28
489.55,0.0,489.55
50.31,0.0,251.55
41.17,0.0,82.34
70.52,0.0,141.04
23.2,0.0,92.8
107.03,0.0,321.09
132.73,0.0,132.73
472.41,0.08,2173.086
59.8,0.17,148.902
725.08,0.06,681.5752
17.39,0.0,69.56
46.4,0.0,92.8
233.89,0.0,467.78
295.38,0.0,295.38
465.27,0.0,465.27
19.5,0.19,31.59
45.94,0.0,275.64
525.78,0.0,525.78
55.32,0.13,96.2568
258.89,0.0,258.89
259.5,0.0,259.5
143.87,0.19,116.5347
305.2,0.0,915.6
1761.61,0.0,3523.22
8.28,0.0,16.56
464.65,0.16,2341.836
243.41,0.0,730.23
714.31,0.49,728.5962
19.75,0.0,19.75
196.07,0.0,392.14
341.33,0.0,682.66
58.66,0.0,175.98
78.97,0.0,552.79
259.17,0.1,933.012
826.43,0.0,826.43
265.26,0.15,225.471
144.33,0.0,1010.31
1651.45,0.05,1568.8775
158.58,0.15,269.586
1489.68,0.06,2800.5984
150.76,0.0,452.28
107.37,0.0,107.37
1404.46,0.0,7022.3
183.29,0.08,168.6268
203.23,0.12,178.8424
565.18,0.0,565.18
52.9,0.17,43.907
144.6,0.0,144.6
221.7,0.0,443.4
218.84,0.0,218.84
557.53,0.0,557.53
20.56,0.39,37.6248
27.54,0.4,16.524
210.26,0.0,841.04
539.84,0.0,2699.2
199.86,0.0,599.58
181.4,0.0,181.4
29.49,0.0,58.98
132.75,0.12,116.82
441.74,0.0,2208.7
24.41,0.48,12.6932
759.79,0.42,440.6782
585.75,0.0,1757.25
259.35,0.0,259.35
38.98,0.15,165.665
127.6,0.0,127.6
413.14,0.0,1239.42
31.03,0.0,62.06
44.22,0.0,132.66
14.31,0.39,8.7291
17.89,0.0,89.45
603.5,0.17,1001.81
380.21,0.18,623.5444
477.68,0.0,955.36
125.91,0.14,108.2826
20.15,0.0,60.45
176.01,0.0,528.03
421.9,0.0,421.9
42.91,0.0,42.91
28.52,0.17,23.6716
256.91,0.0,256.91
99.48,0.0,99.48
64.49,0.0,193.47
128.52,0.0,128.52
20.65,0.0,82.6
227.02,0.09,206.5882
261.52,0.0,261.52
37.04,0.0,111.12
163.54,0.23,251.8516
92.16,0.0,92.16
57.96,0.0,173.88
165.14,0.0,165.14
154.8,0.0,464.4
494.0,0.0,1482.0
1313.66,0.0,1313.66
1009.4,0.0,1009.4
54.75,0.26,40.515
39.72,0.0,119.16
37.3,0.0,37.3
115.42,0.0,807.94
60.15,0.28,43.308
195.39,0.14,168.0354
1467.97,0.0,5871.88
33.07,0.0,33.07
68.33,0.05,64.9135
33.33,0.0,166.65
265.22,0.14,228.0892
485.03,0.12,426.8264
30.1,0.1,108.36
162.42,0.15,414.171
260.82,0.42,453.8268
159.25,0.0,159.25
41.86,0.12,36.8368
935.49,0.28,3367.764
187.09,0.0,187.09
151.32,0.0,453.96
81.59,0.0,244.77
18.88,0.0,37.76
364.49,0.19,295.2369
353.66,0.06,2659.5232
102.68,0.0,102.68
206.02,0.0,206.02
1679.19,0.06,1578.4386
228.15,0.0,456.3
26.73,0.0,26.73
447.85,0.0,3134.95
34.18,0.0,34.18
120.68,0.4,72.408
608.33,0.14,523.1638
296.01,0.0,592.02
38.64,0.16,32.4576
493.45,0.0,3454.15
339.34,0.17,563.3044
76.39,0.0,458.34
1250.47,0.14,4301.6168
29.74,0.0,29.74
42.47,0.0,42.47
613.49,0.13,533.7363
78.92,0.0,236.76
1031.11,0.0,2062.22
484.2,0.21,382.518
495.28,0.0,990.56
165.36,0.0,330.72
31.66,0.0,126.64
961.16,0.17,1595.5256
187.65,0.0,562.95
84.3,0.49,42.993
185.19,0.0,185.19
25.02,0.07,23.2686
295.46,0.0,1181.84
274.59,0.0,274.59
286.03,0.32,194.5004
47.93,0.0,95.86
376.86,0.0,376.86
1970.08,0.0,1970.08
310.77,0.0,1864.62
26.81,0.0,107.24
35.68,0.08,65.6512
342.07,0.1,1539.315
446.89,0.0,893.78
282.1,0.2,225.68
118.25,0.0,118.25
164.82,0.0,1318.56
1732.15,0.0,5196.45
1375.65,0.0,4126.95
20.23,0.19,32.7726
58.54,0.0,117.08
131.11,0.0,131.11
1336.05,0.0,5344.2
412.97,0.37,520.3422
658.62,0.0,1317.24
1952.95,0.0,1952.95
267.18,0.0,1603.08
733.52,0.0,733.52
331.41,0.0,662.82
21.21,0.0,21.21
1945.85,0.0,1945.85
285.28,0.0,285.28
388.45,0.0,776.9
29.6,0.0,59.2
812.29,0.11,722.9381
13.46,0.0,26.92
264.43,0.0,264.43
904.17,0.0,6329.19
465.03,0.0,930.06
330.28,0.2,264.224
454.52,0.0,454.52
75.33,0.0,75.33
87.29,0.07,162.3594
22.88,0.0,91.52
137.31,0.31,189.4878
81.83,0.0,81.83
63.26,0.0,126.52
305.63,0.19,247.5603
19.67,0.0,78.68
482.94,0.0,482.94
70.2,0.2,112.32
251.43,0.0,251.43
197.73,0.48,308.4588
1192.26,0.0,1192.26
297.89,0.1,268.101
241.73,0.0,241.73
1940.18,0.0,3880.36
136.18,0.29,96.6878
1801.21,0.42,1044.7018
30.75,0.0,61.5
297.59,0.12,1309.396
1866.49,0.0,3732.98
29.05,0.0,29.05
11.93,0.0,35.79
252.0,0.07,703.08
113.97,0.0,227.94
338.15,0.0,676.3
293.55,0.0,587.1
818.46,0.0,818.46
79.38,0.0,238.14
102.14,0.0,102.14
215.83,0.33,144.6061
89.29,0.5,267.87
239.86,0.0,239.86
36.19,0.0,108.57
1984.33,0.0,9921.65
158.88,0.0,635.52
1187.34,0.0,1187.34
1157.55,0.0,1157.55
30.94,0.07,28.7742
325.93,0.0,325.93
984.4,0.13,1712.856
49.55,0.0,99.1
79.54,0.0,397.7
40.13,0.0,80.26
455.82,0.0,1367.46
109.81,0.33,220.7181
20.39,0.29,57.9076
537.0,0.0,1074.0
1539.99,0.29,4373.5716
1914.16,0.29,4077.1608
41.25,0.0,41.25
42.52,0.0,297.64
492.21,0.17,408.5343
89.2,0.0,535.2
207.32,0.25,155.49
15.52,0.0,15.52
351.17,0.12,2472.2368
259.58,0.0,259.58
1386.8,0.0,1386.8
59.93,0.09,327.2178
443.42,0.12,1170.6288
13.04,0.0,13.04
490.77,0.0,490.77
98.39,0.0,295.17
612.33,0.0,612.33
617.83,0.0,617.83
151.69,0.07,423.2151
47.31,0.0,141.93
1243.07,0.0,4972.28
46.11,0.0,184.44
497.97,0.0,995.94
13.71,0.0,13.71
200.01,0.0,400.02
78.16,0.24,59.4016
224.11,0.0,224.11
27.44,0.0,109.76
13.9,0.0,13.9
160.73,0.0,1285.84
175.39,0.0,876.95
49.32,0.0,49.32
104.04,0.0,104.04
35.75,0.48,37.18
40.49,0.0,40.49
140.65,0.09,255.983
329.48,0.23,253.6996
55.24,0.0,55.24
107.74,0.0,323.22
56.95,0.18,140.097
54.81,0.0,164.43
50.11,0.0,50.11
598.09,0.0,5980.9
52.76,0.46,113.9616
93.48,0.0,93.48
61.82,0.0,309.1
93.56,0.0,187.12
20.86,0.0,83.44
163.1,0.0,163.1
1561.51,0.0,10930.57
85.02,0.14,73.1172
233.41,0.0,466.82
674.53,0.0,674.53
502.84,0.0,1508.52
42.44,0.0,42.44
137.53,0.15,350.7015
744.13,0.0,744.13
32.19,0.0,257.52
186.11,0.0,558.33
27.74,0.0,55.48
44.45,0.2,71.12
303.65,0.0,910.95
123.42,0.0,123.42
66.19,0.0,330.95
125.85,0.0,125.85
273.17,0.0,273.17
740.17,0.0,4441.02
738.55,0.14,1270.306
59.98,0.11,106.7644
594.07,0.17,493.0781
274.23,0.0,274.23
83.23,0.0,166.46
105.32,0.0,105.32
1117.84,0.0,1117.84
125.69,0.0,377.07
274.67,0.0,274.67
339.46,0.0,339.46
1668.9,0.0,3337.8
52.63,0.16,132.6276
50.61,0.18,83.0004
39.49,0.0,197.45
1691.16,0.07,1572.7788
21.81,0.0,130.86
28.11,0.0,84.33
233.11,0.19,1321.7337
171.99,0.0,515.97
174.93,0.0,1399.44
1370.4,0.42,1589.664
8.57,0.0,8.57
202.96,0.07,377.5056
219.72,0.0,439.44
136.64,0.0,546.56
382.85,0.0,3062.8
62.82,0.0,62.82
401.31,0.4,963.144
16.88,0.13,58.7424
60.19,0.17,149.8731
58.44,0.0,58.44
19.08,0.0,19.08
55.01,0.0,110.02
301.07,0.0,602.14
91.87,0.0,183.74
70.38,0.0,211.14
213.1,0.27,466.689
59.1,0.0,591.0
232.36,0.12,204.4768
42.68,0.0,42.68
29.25,0.0,175.5
59.48,0.12,52.3424
50.92,0.34,33.6072
594.72,0.09,541.1952
253.64,0.2,405.824
758.03,0.0,1516.06
267.46,0.0,267.46
16.17,0.0,16.17
635.95,0.0,1271.9
12.55,0.0,25.1
269.72,0.2,1078.88
400.19,0.2,640.304
56.81,0.37,71.5806
44.23,0.0,265.38
52.47,0.0,314.82
374.23,0.0,374.23
642.69,0.0,642.69
640.93,0.19,519.1533
234.27,0.1,210.843
504.72,0.0,1514.16
230.24,0.0,230.24
57.05,0.0,57.05
49.71,0.0,49.71
16.9,0.06,31.772
83.83,0.0,83.83
282.18,0.0,846.54
94.94,0.0,284.82
180.66,0.11,160.7874
414.07,0.0,414.07
51.78,0.0,103.56
8.01,0.16,6.7284
276.97,0.0,830.91
19.16,0.0,95.8
59.71,0.0,59.71
17.93,0.17,14.8819
52.12,0.0,52.12
1074.67,0.0,1074.67
268.16,0.0,804.48
128.56,0.07,358.6824
50.5,0.14,86.86
96.73,0.0,386.92
10.03,0.0,20.06
392.62,0.11,1048.2954
135.96,0.28,391.5648
1459.49,0.0,5837.96
245.25,0.23,188.8425
468.37,0.0,468.37
86.3,0.0,86.3
200.14,0.0,200.14
396.29,0.41,467.6222
1414.08,0.09,2573.6256
127.84,0.08,352.8384
270.51,0.0,541.02
788.19,0.0,3152.76
11.85,0.16,19.908
52.82,0.15,44.897
125.28,0.0,125.28
67.0,0.1,60.3
695.94,0.0,695.94
140.25,0.0,280.5
100.94,0.0,100.94
711.15,0.0,2844.6
234.04,0.47,248.0824
220.07,0.0,440.14
107.44,0.0,214.88
245.02,0.0,245.02
202.18,0.12,177.9184
10.27,0.0,20.54
9.94,0.32,6.7592
23.54,0.09,21.4214
37.15,0.41,65.7555
379.41,0.39,231.4401
421.5,0.06,792.42
109.36,0.0,218.72
62.77,0.0,125.54
90.84,0.0,90.84
263.22,0.46,284.2776
34.05,0.0,68.1
54.3,0.0,108.6
407.98,0.0,2447.88
44.25,0.0,177.0
22.14,0.0,66.42
24.14,0.34,31.8648
13.89,0.06,26.1132
40.46,0.36,129.472
22.82,0.06,21.4508
167.2,0.4,300.96
68.63,0.0,137.26
962.31,0.0,4811.55
32.61,0.0,130.44
95.22,0.0,380.88
56.4,0.0,169.2
44.31,0.34,116.9784
351.81,0.13,918.2241
484.84,0.08,446.0528
134.59,0.0,672.95
283.52,0.06,1599.0528
639.55,0.15,1087.235
152.78,0.0,305.56
98.1,0.1,264.87
33.82,0.4,20.292
644.0,0.0,644.0
143.95,0.46,77.733
14.53,0.0,14.53
748.06,0.0,748.06
157.75,0.0,631.0
30.37,0.13,52.8438
77.33,0.0,77.33
1698.93,0.0,5096.79
37.78,0.0,37.78
55.39,0.14,95.2708
693.48,0.17,1151.1768
61.9,0.0,61.9
1847.65,0.0,3695.3
34.17,0.0,34.17
18.98,0.0,18.98
107.77,0.0,107.77
1270.08,0.19,1028.7648
172.42,0.26,127.5908
801.92,0.0,801.92
78.27,0.17,64.9641
110.85,0.0,110.85
752.93,0.0,2258.79
1214.38,0.0,1214.38
233.4,0.15,198.39
94.09,0.36,361.3056
52.36,0.48,54.4544
184.0,0.0,184.0
38.84,0.0,194.2
175.67,0.11,156.3463
18.32,0.0,36.64
12.19,0.0,12.19
161.02,0.0,161.02
61.07,0.0,122.14
62.69,0.0,62.69
139.12,0.0,139.12
377.63,0.0,755.26
103.3,0.0,826.4
1639.6,0.0,8198.0
409.6,0.0,409.6
29.43,0.0,58.86
48.39,0.19,39.1959
99.21,0.1,178.578
1442.6,0.0,2885.2
30.12,0.0,30.12
438.53,0.0,1754.12
122.72,0.2,392.704
144.86,0.0,144.86
20.15,0.46,10.881
1027.49,0.0,2054.98
117.61,0.0,352.83
96.04,0.14,330.3776
46.08,0.0,184.32
614.98,0.0,2459.92
26.1,0.33,52.461
154.55,0.0,309.1
22.54,0.0,22.54
145.44,0.0,290.88
88.24,0.0,176.48
223.99,0.0,671.97
32.78,0.0,131.12
268.6,0.0,1880.2
406.57,0.32,276.4676
8.61,0.12,7.5768
46.36,0.49,94.5744
184.64,0.0,184.64
1866.88,0.0,11201.28
1401.11,0.0,5604.44
409.52,0.0,1638.08
712.23,0.28,2564.028
711.73,0.0,1423.46
490.85,0.09,446.6735
794.86,0.0,1589.72
116.97,0.0,584.85
70.78,0.0,212.34
154.97,0.15,131.7245
588.82,0.0,588.82
81.04,0.0,324.16
131.11,0.0,917.77
106.87,0.0,213.74
19.14,0.0,38.28
149.5,0.0,149.5
68.83,0.0,275.32
110.85,0.0,221.7
358.64,0.0,358.64
242.65,0.32,990.012
48.58,0.0,48.58
53.89,0.0,161.67
703.51,0.31,485.4219
194.12,0.08,357.1808
267.62,0.11,476.3636
96.75,0.09,880.425
651.05,0.0,1302.1
350.58,0.0,701.16
83.45,0.0,250.35
1058.93,0.43,603.5901
442.73,0.0,442.73
89.18,0.0,178.36
1395.15,0.0,1395.15
132.12,0.0,132.12
122.42,0.0,122.42
406.49,0.0,406.49
132.14,0.0,264.28
1422.68,0.0,5690.72
10.99,0.08,20.2216
40.29,0.0,120.87
40.09,0.0,40.09
11.4,0.11,20.292
1815.43,0.0,12708.01
342.5,0.11,304.825
39.64,0.0,39.64
24.26,0.0,72.78
128.02,0.0,256.04
342.32,0.0,342.32
1867.92,0.0,3735.84
1204.03,0.07,1119.7479
1591.91,0.0,3183.82
123.25,0.0,123.25
1747.63,0.09,6361.3732
212.41,0.09,193.2931
52.54,0.47,55.6924
27.12,0.25,81.36
56.78,0.0,113.56
346.17,0.0,346.17
707.56,0.31,488.2164
137.01,0.0,137.01
26.39,0.0,26.39
438.57,0.0,877.14
718.26,0.0,2154.78
557.49,0.0,3344.94
15.03,0.31,103.707
1447.43,0.34,955.3038
95.23,0.0,380.92
239.4,0.0,239.4
753.07,0.16,632.5788
39.53,0.0,39.53
441.62,0.0,441.62
12.5,0.0,12.5
1634.32,0.0,3268.64
78.75,0.19,63.7875
202.29,0.06,190.1526
139.02,0.0,278.04
59.3,0.09,107.926
1654.38,0.0,1654.38
22.97,0.35,29.861
354.41,0.44,396.9392
435.78,0.36,1673.3952
233.33,0.0,933.32
14.9,0.0,59.6
491.67,0.0,983.34
27.96,0.0,111.84
183.86,0.47,97.4458
37.61,0.0,75.22
284.41,0.19,921.4884
340.27,0.0,340.27
34.99,0.0,34.99
611.9,0.0,1223.8
31.23,0.0,31.23
132.8,0.15,112.88
21.45,0.19,17.3745
19.46,0.0,97.3
1488.9,0.0,8933.4
183.0,0.09,1165.71
383.0,0.0,766.0
39.36,0.0,78.72
99.91,0.0,99.91
404.19,0.0,404.19
440.0,0.28,950.4
167.7,0.0,167.7
330.86,0.0,330.86
21.94,0.0,43.88
466.18,0.07,1300.6422
287.63,0.45,316.393
182.24,0.0,546.72
122.44,0.05,348.954
472.45,0.0,2362.25
39.56,0.0,79.12
23.4,0.0,70.2
369.93,0.0,369.93
72.62,0.46,39.2148
51.31,0.0,102.62
510.11,0.14,3070.8622
34.54,0.1,62.172
63.19,0.0,63.19
297.67,0.0,893.01
1411.52,0.37,889.2576
760.33,0.06,714.7102
18.32,0.16,30.7776
1961.06,0.18,3216.1384
146.21,0.45,160.831
13.85,0.07,51.522
31.8,0.0,254.4
255.7,0.0,1022.8
138.95,0.0,138.95
342.26,0.0,2738.08
132.17,0.0,925.19
570.29,0.0,2851.45
42.54,0.0,42.54
74.35,0.06,279.556
1717.31,0.0,1717.31
1774.28,0.0,1774.28
1460.98,0.0,1460.98
60.38,0.0,241.52
381.23,0.41,224.9257
198.0,0.0,1188.0
1208.95,0.0,1208.95
85.73,0.0,171.46
38.72,0.0,38.72
30.6,0.1,220.32
746.53,0.0,746.53
1116.06,0.19,1808.0172
12.25,0.19,19.845
493.43,0.0,493.43
56.54,0.12,99.5104
120.74,0.42,70.0292
125.16,0.0,625.8
126.46,0.15,107.491
63.18,0.0,252.72
181.88,0.0,181.88
21.09,0.19,119.5803
12.57,0.0,25.14
49.51,0.0,49.51
336.79,0.0,336.79
261.86,0.0,261.86
145.84,0.0,437.52
279.92,0.0,279.92
22.06,0.0,44.12
1326.57,0.0,3979.71
137.52,0.06,646.344
21.66,0.0,21.66
42.57,0.0,42.57
23.87,0.0,23.87
79.37,0.0,238.11
893.9,0.0,893.9
20.19,0.0,60.57
82.18,0.3,115.052
29.53,0.19,23.9193
40.21,0.0,120.63
793.87,0.0,1587.74
60.09,0.0,120.18
96.43,0.0,192.86
233.99,0.0,467.98
668.47,0.0,668.47
309.32,0.0,927.96
28.49,0.0,56.98
29.62,0.0,88.86
112.42,0.0,449.68
282.06,0.0,282.06
28.74,0.13,250.038
21.31,0.0,42.62
31.23,0.0,124.92
389.21,0.0,1556.84
208.78,0.0,417.56
37.36,0.0,74.72
705.98,0.0,1411.96
460.01,0.29,2286.2497
136.16,0.0,272.32
257.19,0.0,771.57
88.99,0.13,77.4213
547.66,0.0,547.66
1244.73,0.0,1244.73
56.49,0.12,49.7112
197.43,0.12,1216.1688
326.62,0.17,271.0946
104.94,0.0,629.64
358.71,0.0,2152.26
9.22,0.0,18.44
916.74,0.35,1787.643
28.16,0.0,28.16
196.07,0.06,368.6116
481.42,0.06,1810.1392
24.34,0.0,48.68
111.75,0.0,223.5
23.63,0.0,94.52
104.76,0.0,419.04
44.89,0.0,179.56
231.25,0.0,693.75
29.38,0.12,77.5632
38.16,0.0,76.32
91.02,0.0,91.02
189.6,0.0,379.2
79.49,0.0,158.98
44.78,0.0,223.9
67.77,0.0,67.77
117.86,0.19,286.3998
37.76,0.0,151.04
1030.43,0.0,2060.86
12.04,0.19,58.5144
93.12,0.32,189.9648
731.19,0.0,1462.38
21.8,0.0,65.4
1552.35,0.11,12434.3235
16.47,0.11,43.9749
136.87,0.0,410.61
102.59,0.0,307.77
187.5,0.11,166.875
90.74,0.0,90.74
1306.09,0.0,3918.27
791.69,0.33,530.4323
326.93,0.0,326.93
44.38,0.0,88.76
31.77,0.0,127.08
205.7,0.44,460.768
274.12,0.45,301.532
30.64,0.0,30.64
62.72,0.0,62.72
129.18,0.17,214.4388
770.17,0.0,770.17
228.42,0.0,456.84
110.41,0.0,110.41
1249.39,0.0,1249.39
149.36,0.0,298.72
126.95,0.42,220.893
29.75,0.0,59.5
241.58,0.11,645.0186
41.01,0.14,105.8058
94.4,0.0,94.4
322.18,0.0,322.18
1935.35,0.45,3193.3275
426.91,0.0,426.91
41.61,0.0,83.22
41.01,0.0,82.02
398.18,0.0,796.36
57.34,0.0,114.68
118.15,0.14,101.609
48.82,0.0,48.82
22.2,0.11,19.758
240.53,0.1,1298.862
707.54,0.14,1216.9688
35.78,0.0,71.56
97.74,0.12,86.0112
98.0,0.0,196.0
179.17,0.0,358.34
291.06,0.0,873.18
172.83,0.0,345.66
247.73,0.0,247.73
498.52,0.09,453.6532
417.38,0.0,417.38
1861.99,0.0,7447.96
148.13,0.0,148.13
110.3,0.0,220.6
12.82,0.07,59.613
131.8,0.0,131.8
102.58,0.13,267.7338
1718.05,0.08,1580.606
82.47,0.0,82.47
144.39,0.48,600.6624
114.81,0.17,95.2923
47.69,0.0,95.38
608.54,0.0,1825.62
340.32,0.0,340.32
220.27,0.18,361.2428
77.47,0.0,77.47
25.5,0.15,151.725
163.06,0.0,163.06
1102.97,0.0,2205.94
18.9,0.39,34.587
1815.38,0.13,3158.7612
20.73,0.09,113.1858
48.64,0.13,126.9504
36.68,0.27,80.3292
1176.86,0.0,2353.72
403.93,0.0,403.93
956.47,0.15,2438.9985
201.03,0.16,337.7304
658.72,0.0,658.72
121.53,0.17,100.8699
25.84,0.0,155.04
52.44,0.0,314.64
293.18,0.0,293.18
34.98,0.12,123.1296
102.89,0.16,86.4276
11.91,0.0,11.91
235.58,0.0,942.32
1867.45,0.0,3734.9
121.47,0.0,242.94
56.51,0.0,56.51
34.74,0.0,104.22
82.34,0.06,464.3976
397.29,0.0,397.29
702.03,0.0,702.03
236.03,0.0,708.09
150.48,0.11,133.9272
249.77,0.13,651.8997
316.06,0.1,2275.632
617.37,0.0,1852.11
37.01,0.0,148.04
35.8,0.4,21.48
299.06,0.0,598.12
1480.55,0.0,5922.2
137.92,0.09,125.5072
42.85,0.0,85.7
122.5,0.0,122.5
1157.49,0.0,1157.49
258.28,0.1,464.904
504.39,0.0,1513.17
408.42,0.0,408.42
1276.01,0.14,2194.7372
15.66,0.0,15.66
637.48,0.0,1274.96
45.88,0.0,183.52
48.69,0.18,39.9258
255.46,0.0,255.46
204.64,0.25,920.88
69.14,0.0,138.28
252.37,0.0,504.74
468.59,0.0,937.18
58.92,0.0,58.92
452.14,0.37,569.6964
237.88,0.38,589.9424
133.47,0.48,277.6176
38.04,0.29,54.0168
498.41,0.19,2018.5605
192.54,0.0,192.54
127.76,0.0,127.76
171.49,0.0,857.45
146.13,0.0,146.13
326.69,0.1,882.063
19.1,0.39,11.651
52.96,0.09,96.3872
1349.45,0.0,4048.35
33.45,0.0,33.45
29.63,0.12,26.0744
407.42,0.34,268.8972
443.82,0.0,443.82
16.12,0.0,16.12
1026.22,0.0,1026.22
162.68,0.0,162.68
254.34,0.0,254.34
560.83,0.0,560.83
27.97,0.36,35.8016
385.78,0.31,1064.7528
147.65,0.13,128.4555
79.52,0.0,159.04
663.45,0.0,663.45
55.52,0.0,111.04
47.31,0.0,94.62
207.61,0.0,415.22
181.38,0.0,544.14
30.64,0.0,61.28
16.54,0.0,33.08
74.58,0.1,67.122
56.57,0.0,113.14
1041.71,0.11,927.1219
115.18,0.0,691.08
1823.17,0.0,1823.17
580.4,0.0,580.4
1259.26,0.0,2518.52
174.21,0.0,174.21
213.14,0.43,121.4898
1389.56,0.0,2779.12
58.48,0.0,233.92
119.67,0.0,119.67
53.61,0.45,29.4855
52.65,0.0,52.65
57.76,0.0,346.56
102.9,0.09,93.639
1832.96,0.0,7331.84
80.21,0.0,80.21
49.78,0.4,29.868
1735.9,0.17,2881.594
76.99,0.47,40.8047
255.74,0.0,255.74
618.86,0.13,2153.6328
142.8,0.0,142.8
124.06,0.0,248.12
12.16,0.0,24.32
581.01,0.15,2963.151
260.53,0.0,260.53
441.78,0.0,1325.34
46.37,0.0,139.11
49.3,0.07,91.698
109.71,0.0,109.71
515.62,0.0,2578.1
23.79,0.0,23.79
21.79,0.0,43.58
219.07,0.0,219.07
444.7,0.0,4002.3
1911.54,0.0,7646.16
564.5,0.14,970.94
166.26,0.0,498.78
801.67,0.0,801.67
118.37,0.0,236.74
98.74,0.0,98.74
269.24,0.38,1001.5728
36.63,0.0,36.63
1395.43,0.0,2790.86
35.78,0.3,25.046
425.49,0.0,425.49
45.46,0.32,92.7384
82.12,0.0,82.12
8.55,0.0,25.65
1328.0,0.0,2656.0
415.68,0.17,690.0288
78.86,0.0,78.86
64.38,0.0,128.76
144.21,0.11,128.3469
163.06,0.13,141.8622
153.57,0.0,767.85
24.27,0.0,145.62
12.4,0.12,10.912
139.55,0.0,139.55
264.75,0.0,529.5
15.57,0.0,15.57
32.17,0.15,82.0335
268.8,0.0,268.8
65.45,0.0,261.8
14.87,0.0,14.87
699.12,0.0,699.12
51.85,0.05,98.515
67.77,0.19,494.0433
1405.15,0.0,1405.15
154.64,0.0,154.64
614.64,0.0,1229.28
1677.19,0.0,5031.57
491.12,0.0,1473.36
1539.04,0.15,2616.368
59.31,0.0,59.31
34.41,0.0,68.82
37.43,0.09,34.0613
189.03,0.1,170.127
625.6,0.0,625.6
111.09,0.0,333.27
732.17,0.0,2196.51
115.75,0.0,115.75
26.37,0.0,52.74
120.67,0.0,120.67
60.69,0.0,60.69
55.09,0.0,55.09
214.92,0.34,425.5416
88.57,0.11,315.3092
179.11,0.0,179.11
37.43,0.0,37.43
16.3,0.0,16.3
270.03,0.0,1620.18
250.13,0.0,1250.65
533.32,0.14,458.6552
33.48,0.0,66.96
29.75,0.42,17.255
641.56,0.0,1283.12
119.92,0.0,239.84
476.43,0.29,338.2653
1989.99,0.0,1989.99
31.82,0.0,95.46
180.59,0.0,180.59
14.78,0.0,14.78
144.89,0.0,144.89
56.4,0.19,91.368
31.04,0.0,31.04
25.42,0.32,34.5712
28.64,0.0,171.84
37.28,0.0,37.28
371.87,0.0,743.74
108.95,0.0,108.95
338.79,0.0,2032.74
49.55,0.0,198.2
83.89,0.0,503.34
20.47,0.0,81.88
1045.4,0.08,1923.536
631.36,0.0,631.36
122.4,0.39,149.328
20.45,0.0,20.45
142.43,0.14,367.4694
351.46,0.18,864.5916
90.58,0.0,181.16
1001.32,0.46,3244.2768
989.93,0.0,1979.86
385.46,0.41,682.2642
458.0,0.12,1209.12
271.05,0.0,1897.35
456.05,0.0,456.05
23.36,0.06,43.9168
320.97,0.0,962.91
43.8,0.0,43.8
23.63,0.0,189.04
1834.52,0.11,4898.1684
89.19,0.0,89.19
21.82,0.0,109.1
1364.67,0.06,2565.5796
46.59,0.0,93.18
95.45,0.0,95.45
1249.83,0.0,2499.66
925.38,0.45,508.959
89.9,0.13,234.639
435.3,0.09,1584.492
430.18,0.0,3011.26
163.06,0.06,459.8292
470.91,0.0,1412.73
175.22,0.0,1226.54
1848.34,0.1,1663.506
52.59,0.0,210.36
299.13,0.0,1196.52
67.58,0.0,135.16
118.49,0.0,236.98
18.2,0.0,18.2
45.09,0.0,45.09
41.07,0.0,164.28
809.49,0.0,5666.43
129.13,0.0,516.52
452.51,0.46,977.4216
136.61,0.19,221.3082
93.69,0.1,84.321
432.39,0.41,510.2202
103.36,0.13,179.8464
36.17,0.0,108.51
631.98,0.39,771.0156
425.84,0.0,2129.2
107.09,0.0,321.27
185.43,0.0,185.43
266.71,0.0,266.71
95.96,0.09,87.3236
11.91,0.0,23.82
34.45,0.0,206.7
197.58,0.0,197.58
10.99,0.16,9.2316
26.04,0.0,52.08
48.58,0.11,259.4172
76.41,0.09,278.1324
30.73,0.0,61.46
1501.66,0.0,1501.66
118.39,0.0,118.39
65.07,0.35,211.4775
1074.45,0.0,5372.25
383.65,0.0,767.3
140.84,0.0,422.52
320.2,0.0,320.2
597.81,0.11,532.0509
245.33,0.47,130.0249
10.9,0.0,10.9
538.2,0.0,538.2
505.7,0.09,1380.561
363.5,0.0,363.5
198.17,0.15,168.4445
614.52,0.0,2458.08
11.06,0.0,11.06
47.41,0.0,47.41
1041.3,0.0,2082.6
463.79,0.0,2318.95
257.71,0.0,773.13
394.16,0.0,2364.96
61.48,0.0,122.96
54.8,0.0,54.8
16.95,0.0,16.95
70.06,0.0,280.24
80.83,0.0,80.83
483.62,0.0,967.24
694.48,0.0,694.48
684.16,0.47,725.2096
34.27,0.12,120.6304
102.61,0.0,205.22
54.25,0.13,47.1975
75.84,0.0,379.2
389.02,0.18,1913.9784
71.72,0.0,143.44
429.43,0.07,3594.3291
35.6,0.0,35.6
365.66,0.1,329.094
180.2,0.0,1081.2
49.26,0.19,79.8012
130.66,0.0,261.32
1064.63,0.0,2129.26
49.74,0.0,49.74
799.78,0.0,3199.12
46.65,0.0,93.3
369.38,0.0,738.76
91.37,0.0,456.85
371.88,0.0,1487.52
589.8,0.0,589.8
215.1,0.0,1290.6
91.03,0.0,455.15
205.06,0.0,205.06
495.02,0.0,495.02
9.11,0.0,36.44
36.95,0.06,69.466
193.48,0.09,352.1336
18.14,0.17,45.1686
32.16,0.0,32.16
41.14,0.19,66.6468
27.35,0.0,82.05
74.68,0.0,224.04
112.99,0.0,225.98
67.18,0.0,67.18
172.23,0.0,172.23
1727.48,0.0,13819.84
12.82,0.0,76.92
145.89,0.09,398.2797
326.64,0.0,979.92
744.33,0.15,632.6805
16.48,0.0,16.48
161.63,0.07,300.6318
52.17,0.0,52.17
1120.37,0.0,4481.48
212.97,0.0,212.97
601.39,0.0,601.39
719.75,0.0,2159.25
20.52,0.0,123.12
187.14,0.0,187.14
135.61,0.0,135.61
220.53,0.0,220.53
363.96,0.0,1091.88
1427.88,0.0,1427.88
72.33,0.0,72.33
1815.33,0.17,6026.8956
1479.35,0.0,1479.35
573.99,0.07,533.8107
27.95,0.0,167.7
9.91,0.15,8.4235
123.0,0.42,214.02
569.07,0.0,1707.21
543.4,0.15,1385.67
265.08,0.0,265.08
522.82,0.0,1045.64
9.69,0.0,9.69
258.51,0.29,183.5421
27.94,0.0,27.94
211.56,0.0,846.24
17.58,0.0,52.74
47.35,0.0,236.75
666.07,0.43,759.3198
461.05,0.44,258.188
220.95,0.0,220.95
242.91,0.07,451.8126
274.14,0.07,254.9502
20.44,0.0,163.52
102.5,0.0,307.5
257.49,0.0,257.49
119.07,0.0,119.07
1122.24,0.28,808.0128
167.93,0.0,167.93
138.78,0.34,183.1896
220.29,0.0,440.58
238.21,0.0,1191.05
599.78,0.0,599.78
1722.43,0.0,1722.43
46.73,0.0,46.73
118.93,0.0,118.93
117.6,0.15,399.84
18.35,0.0,18.35
1397.56,0.13,1215.8772
408.38,0.16,343.0392
1074.02,0.0,2148.04
471.12,0.0,942.24
26.5,0.0,53.0
160.21,0.0,160.21
27.23,0.0,108.92
42.71,0.06,40.1474
32.77,0.06,61.6076
128.14,0.06,120.4516
1605.58,0.0,1605.58
121.65,0.4,72.99
533.91,0.0,533.91
126.19,0.0,252.38
596.87,0.0,1193.74
38.32,0.0,38.32
311.16,0.0,933.48
137.28,0.0,686.4
109.04,0.0,654.24
275.45,0.0,275.45
642.74,0.0,1285.48
1030.13,0.32,700.4884
30.14,0.0,30.14
16.39,0.16,27.5352
24.83,0.0,24.83
788.97,0.0,788.97
479.87,0.18,786.9868
72.27,0.14,248.6088
1034.98,0.0,3104.94
236.64,0.0,236.64
78.49,0.0,156.98
479.95,0.0,479.95
163.28,0.0,163.28
97.75,0.0,195.5
883.95,0.0,3535.8
306.4,0.0,919.2
45.26,0.0,45.26
42.88,0.32,58.3168
806.57,0.0,806.57
86.54,0.18,212.8884
935.97,0.0,2807.91
1429.86,0.12,5033.1072
816.54,0.0,5715.78
101.52,0.0,101.52
45.58,0.09,41.4778
375.62,0.0,375.62
42.01,0.09,76.4582
45.99,0.05,43.6905
553.42,0.0,553.42
34.01,0.08,62.5784
704.44,0.0,1408.88
96.21,0.0,288.63
29.77,0.0,89.31
358.19,0.0,358.19
138.67,0.0,138.67
604.86,0.0,604.86
152.07,0.0,304.14
148.67,0.0,297.34
71.48,0.0,357.4
85.16,0.0,85.16
89.27,0.36,171.3984
899.39,0.0,2698.17
63.16,0.0,63.16
50.45,0.0,100.9
271.09,0.0,271.09
105.26,0.35,68.419
533.12,0.15,453.152
927.12,0.14,797.3232
141.08,0.0,141.08
58.33,0.0,58.33
397.93,0.0,397.93
57.52,0.0,57.52
66.49,0.0,265.96
50.14,0.48,26.0728
80.5,0.27,176.295
17.41,0.0,121.87
255.02,0.18,1254.6984
50.92,0.11,135.9564
418.94,0.0,2932.58
671.26,0.0,671.26
153.96,0.13,133.9452
1568.11,0.0,4704.33
425.17,0.0,2551.02
12.07,0.0,48.28
17.83,0.2,28.528
41.5,0.36,79.68
39.78,0.38,24.6636
20.58,0.0,20.58
383.89,0.0,767.78
67.1,0.36,171.776
116.63,0.13,304.4043
64.66,0.0,64.66
108.92,0.0,217.84
125.34,0.0,376.02
65.24,0.15,55.454
279.2,0.27,1834.344
230.91,0.0,230.91
1793.17,0.0,8965.85
54.61,0.0,54.61
478.21,0.0,478.21
979.31,0.0,979.31
10.84,0.0,21.68
418.48,0.3,1464.68
414.63,0.0,414.63
368.27,0.36,235.6928
142.45,0.16,119.658
213.52,0.36,409.9584
89.24,0.41,105.3032
307.81,0.0,615.62
26.98,0.17,67.1802
424.64,0.06,1197.4848
125.56,0.0,627.8
54.78,0.08,151.1928
650.86,0.11,1158.5308
381.12,0.08,350.6304
657.61,0.0,657.61
339.27,0.06,318.9138
79.13,0.0,237.39
1742.44,0.0,3484.88
122.6,0.06,230.488
313.9,0.16,263.676
351.93,0.17,2921.019
1487.98,0.0,1487.98
25.02,0.0,75.06
28.92,0.0,28.92
132.12,0.1,356.724
159.37,0.0,159.37
28.95,0.05,55.005
432.68,0.0,1730.72
277.66,0.0,555.32
129.56,0.0,129.56
48.27,0.0,96.54
187.77,0.0,187.77
671.54,0.0,671.54
34.68,0.0,104.04
178.98,0.0,536.94
198.05,0.0,396.1
379.86,0.43,433.0404
394.56,0.0,1578.24
312.4,0.42,1268.344
20.07,0.26,14.8518
43.79,0.19,35.4699
461.19,0.06,1300.5558
53.89,0.0,215.56
37.69,0.0,37.69
1408.64,0.42,817.0112
221.9,0.0,221.9
18.64,0.0,37.28
450.64,0.28,1297.8432
140.82,0.0,140.82
1451.0,0.07,1349.43
479.21,0.31,991.9647
430.84,0.0,430.84
465.21,0.0,930.42
418.62,0.0,837.24
115.22,0.2,184.352
629.57,0.0,1888.71
485.9,0.4,1166.16
71.89,0.0,71.89
240.3,0.0,720.9
1030.14,0.37,1946.9646
1242.34,0.37,1565.3484
212.24,0.0,424.48
188.68,0.0,1132.08
497.85,0.13,1732.518
475.7,0.0,951.4
56.11,0.33,112.7811
25.07,0.29,88.9985
50.63,0.0,50.63
128.68,0.0,128.68
53.61,0.41,94.8897
36.2,0.0,36.2
96.84,0.48,151.0704
743.64,0.0,743.64
98.99,0.0,395.96
421.56,0.0,843.12
1363.19,0.15,1158.7115
249.99,0.0,749.97
26.12,0.39,15.9332
310.8,0.0,310.8
79.07,0.0,158.14
413.2,0.0,826.4
404.02,0.2,323.216
126.81,0.11,112.8609
1660.66,0.0,4981.98
330.6,0.13,287.622
29.04,0.21,91.7664
247.95,0.0,1983.6
1036.11,0.0,1036.11
532.29,0.0,532.29
53.89,0.15,45.8065
47.0,0.0,47.0
27.09,0.23,125.1558
108.51,0.07,100.9143
53.76,0.0,107.52
19.72,0.0,19.72
14.75,0.4,44.25
1018.7,0.0,2037.4
773.98,0.0,773.98
112.06,0.11,199.4668
97.26,0.0,389.04
13.38,0.13,58.203
208.4,0.41,737.736
253.61,0.0,760.83
244.96,0.0,1959.68
596.06,0.0,1192.12
1496.86,0.0,4490.58
14.05,0.0,28.1
416.84,0.0,416.84
65.58,0.0,196.74
54.38,0.0,163.14
712.45,0.0,712.45
339.54,0.0,1018.62
397.37,0.0,1192.11
409.26,0.0,409.26
1571.09,0.0,1571.09
29.02,0.25,65.295
93.81,0.0,281.43
35.67,0.0,71.34
35.28,0.18,28.9296
12.32,0.0,36.96
179.92,0.35,467.792
39.51,0.0,79.02
24.92,0.0,124.6
1046.7,0.0,1046.7
140.31,0.0,140.31
943.5,0.0,1887.0
214.06,0.0,214.06
35.68,0.0,71.36
286.23,0.0,858.69
174.14,0.4,104.484
43.11,0.0,172.44
448.33,0.0,896.66
30.49,0.0,213.43
1240.23,0.0,7441.38
75.03,0.0,150.06
98.41,0.0,196.82
1467.98,0.0,5871.92
1862.06,0.0,7448.24
1061.06,0.0,6366.36
1657.48,0.0,4972.44
110.47,0.0,220.94
292.02,0.0,876.06
736.1,0.0,2208.3
18.91,0.08,17.3972
350.11,0.0,350.11
150.03,0.0,450.09
31.81,0.0,95.43
127.3,0.06,119.662
191.07,0.0,191.07
220.32,0.0,220.32
32.5,0.0,32.5
33.94,0.0,67.88
243.77,0.0,243.77
425.06,0.31,293.2914
506.19,0.0,506.19
321.4,0.0,321.4
181.83,0.0,181.83
117.67,0.0,117.67
53.95,0.0,53.95
43.53,0.1,39.177
484.31,0.0,968.62
40.96,0.0,81.92
28.0,0.0,112.0
12.85,0.0,51.4
52.87,0.0,158.61
56.23,0.0,112.46
758.24,0.16,3184.608
30.0,0.0,90.0
1662.08,0.16,2792.2944
285.49,0.47,605.2388
101.79,0.0,305.37
55.89,0.0,223.56
363.54,0.11,1617.753
1798.32,0.15,3057.144
9.28,0.0,55.68
186.9,0.0,373.8
337.18,0.0,337.18
49.04,0.0,196.16
98.05,0.1,88.245
97.46,0.15,248.523
64.21,0.0,192.63
13.67,0.0,27.34
1325.64,0.0,1325.64
220.25,0.0,660.75
56.68,0.12,49.8784
85.01,0.08,156.4184
149.61,0.0,299.22
113.38,0.0,113.38
142.16,0.0,142.16
218.21,0.0,654.63
109.95,0.16,92.358
285.09,0.0,1140.36
689.71,0.0,2069.13
36.88,0.0,73.76
1664.96,0.0,6659.84
215.75,0.11,192.0175
85.83,0.0,85.83
1196.0,0.0,4784.0
76.46,0.14,263.0224
339.59,0.06,319.2146
40.57,0.0,40.57
55.05,0.17,274.149
1006.39,0.0,3019.17
153.93,0.0,153.93
169.67,0.0,169.67
663.54,0.0,663.54
133.62,0.0,133.62
271.38,0.0,271.38
12.37,0.0,12.37
1528.57,0.08,1406.2844
66.39,0.08,122.1576
706.6,0.19,4006.422
1912.47,0.0,1912.47
257.43,0.18,633.2778
11.76,0.0,11.76
46.87,0.38,58.1188
351.38,0.41,207.3142
22.97,0.0,45.94
26.48,0.29,56.4024
77.39,0.0,309.56
469.13,0.0,1407.39
750.19,0.0,750.19
126.57,0.28,455.652
145.6,0.0,436.8
277.91,0.0,833.73
15.46,0.28,11.1312
36.45,0.0,72.9
418.43,0.12,368.2184
14.63,0.0,29.26
11.47,0.06,21.5636
179.06,0.0,358.12
161.1,0.34,744.282
291.75,0.25,1094.0625
24.84,0.0,49.68
47.56,0.0,332.92
340.87,0.12,899.8968
1172.26,0.0,1172.26
33.27,0.0,33.27
317.91,0.0,1589.55
24.78,0.0,24.78
73.75,0.0,73.75
388.92,0.0,388.92
113.98,0.0,113.98
638.43,0.0,638.43
375.55,0.0,1877.75
95.86,0.0,191.72
57.63,0.0,115.26
600.65,0.0,600.65
402.21,0.17,1001.5029
549.35,0.0,1098.7
96.01,0.0,384.04
195.86,0.0,391.72
79.75,0.31,165.0825
11.32,0.0,33.96
135.16,0.0,540.64
138.7,0.07,386.973
124.44,0.0,622.2
52.34,0.17,217.211
1815.89,0.0,7263.56
293.76,0.0,881.28
42.32,0.0,42.32
312.02,0.0,624.04
480.9,0.0,480.9
29.2,0.39,35.624
24.19,0.13,63.1359
173.15,0.24,131.594
541.87,0.0,2709.35
125.99,0.0,125.99
31.19,0.0,187.14
146.84,0.0,146.84
317.44,0.0,1269.76
95.09,0.48,98.8936
182.51,0.0,365.02
116.99,0.35,152.087
413.95,0.0,827.9
389.1,0.0,389.1
30.06,0.34,19.8396
145.5,0.45,80.025
18.64,0.0,55.92
709.98,0.0,1419.96
25.91,0.0,25.91
228.98,0.05,2175.31
67.28,0.0,403.68
833.5,0.0,2500.5
68.12,0.0,272.48
658.13,0.0,1974.39
50.53,0.0,101.06
48.7,0.0,146.1
12.08,0.0,24.16
989.89,0.0,1979.78
298.76,0.07,277.8468
173.84,0.0,173.84
257.97,0.16,216.6948
276.36,0.0,276.36
161.94,0.07,301.2084
1106.93,0.12,974.0984
973.2,0.0,973.2
140.08,0.44,392.224
364.67,0.0,1458.68
23.75,0.0,47.5
138.86,0.0,138.86
77.99,0.11,69.4111
70.54,0.14,60.6644
49.01,0.0,49.01
151.54,0.0,454.62
23.78,0.0,23.78
533.47,0.0,533.47
391.18,0.0,391.18
82.39,0.0,82.39
112.17,0.0,224.34
489.65,0.0,979.3
169.39,0.32,230.3704
45.96,0.0,321.72
364.82,0.0,364.82
509.5,0.0,1019.0
24.5,0.0,49.0
254.86,0.0,254.86
9.21,0.05,8.7495
440.69,0.45,1211.8975
16.2,0.45,8.91
212.45,0.39,259.189
713.75,0.08,656.65
318.79,0.0,1912.74
963.5,0.0,963.5
1658.21,0.0,3316.42
490.07,0.0,980.14
146.85,0.0,146.85
117.07,0.18,95.9974
472.88,0.08,870.0992
169.91,0.0,169.91
182.39,0.0,547.17
41.41,0.45,22.7755
1052.06,0.0,1052.06
256.8,0.0,513.6
39.88,0.0,159.52
32.53,0.0,32.53
672.17,0.09,1223.3494
33.73,0.39,41.1506
115.91,0.17,384.8212
290.5,0.0,581.0
116.27,0.0,116.27
453.27,0.08,834.0168
1746.44,0.0,3492.88
48.89,0.13,42.5343
99.34,0.25,74.505
42.81,0.0,42.81
30.77,0.0,30.77
121.66,0.1,109.494
436.85,0.0,436.85
533.98,0.0,533.98
47.45,0.0,237.25
30.49,0.0,30.49
106.58,0.07,99.1194
55.63,0.16,46.7292
95.74,0.1,86.166
88.62,0.2,141.792
14.27,0.0,14.27
297.72,0.0,595.44
21.11,0.0,21.11
135.72,0.0,271.44
1857.72,0.0,1857.72
67.25,0.0,403.5
912.11,0.0,1824.22
475.23,0.0,475.23
78.05,0.0,156.1
457.86,0.0,1373.58
785.33,0.0,1570.66
131.1,0.0,262.2
291.21,0.0,873.63
90.71,0.1,81.639
282.94,0.0,565.88
45.41,0.12,39.9608
209.04,0.1,1316.952
190.21,0.0,760.84
47.87,0.0,143.61
102.66,0.0,923.94
79.16,0.0,316.64
190.02,0.16,319.2336
21.12,0.0,42.24
723.87,0.0,1447.74
408.62,0.0,408.62
196.62,0.0,196.62
52.41,0.15,44.5485
138.98,0.08,127.8616
550.05,0.0,1100.1
58.85,0.14,101.222
